id,first_name,last_name,email,gender,ip_address
Knight Without Armor,Caldwell,Castagnasso,ccastagnasso0@economist.com,Male,141.8.28.123
A Blank on the Map,Rosana,Lathe,rlathe1@geocities.jp,Agender,127.181.254.232
Bass Ackwards,Virge,Cousens,vcousens2@time.com,Male,34.123.180.153
"Death Kiss, The",Markos,Macari,mmacari3@dedecms.com,Male,28.61.14.235
Lesbian Vampire Killers,Denise,Wife,dwife4@loc.gov,Female,61.2.197.104
Kit Kittredge: An American Girl,Mikol,McClancy,mmcclancy5@oaic.gov.au,Male,161.166.219.43
Timeline,Nanni,Noon,nnoon6@163.com,Female,113.124.17.240
"Brothers Rico, The",Wiley,Punter,wpunter7@mtv.com,Male,25.189.43.153
Out California Way,Estel,Kittman,ekittman8@example.com,Bigender,227.207.196.1
Scandal,Raine,Crossfeld,rcrossfeld9@skype.com,Female,232.141.175.142
Doc Savage: The Man of Bronze,Tiebout,Burgise,tburgisea@yellowbook.com,Male,125.118.229.216
"Son of Kong, The",Averyl,Parkhouse,aparkhouseb@patch.com,Female,126.6.236.82
Stop! Or My Mom Will Shoot,Marlin,Eathorne,meathornec@addthis.com,Male,89.36.28.140
"Pride of the Yankees, The",Idette,Vinnicombe,ivinnicombed@plala.or.jp,Female,60.118.172.194
Gay Purr-ee,Averil,Asel,aasele@amazon.de,Female,107.58.156.175
God of Cookery (Sik san),Court,Yearn,cyearnf@youku.com,Male,252.251.231.241
"Interrupters, The",Micaela,Bucklan,mbucklang@bloglovin.com,Female,115.45.184.192
Saturday Night and Sunday Morning,Rubie,D'Elia,rdeliah@ebay.com,Female,150.196.214.185
Hotel Reserve,Maje,Stonehewer,mstoneheweri@mediafire.com,Male,142.207.166.75
Dragon Crusaders,Natasha,Chance,nchancej@uiuc.edu,Female,128.210.113.187
Gomorrah (Gomorra),Maurice,Tilzey,mtilzeyk@chicagotribune.com,Male,101.201.106.244
Antoine and Colette (Antoine et Colette),Essie,Skeermor,eskeermorl@samsung.com,Female,189.146.255.159
Emil i Lönneberga,Ward,Sanchiz,wsanchizm@webnode.com,Genderqueer,1.37.50.57
Milky Way (Tejút),Hart,Augustus,haugustusn@loc.gov,Male,249.224.217.104
The Body,Bibby,Harraway,bharrawayo@tinypic.com,Female,15.54.191.114
"Avventura, L' (Adventure, The)",Rosalind,Prantl,rprantlp@360.cn,Female,121.56.209.205
"Ghost Writer, The",Krishna,Ranklin,kranklinq@wp.com,Male,177.193.56.228
Fear City,Chloette,Sammut,csammutr@jigsy.com,Female,96.204.59.61
The Secret of Dr. Kildare,Sean,Miranda,smirandas@ustream.tv,Female,19.9.17.93
Bastards of the Party,Elizabeth,Botterman,ebottermant@blogger.com,Female,202.16.25.198
"Crusades, The",Arnuad,Sweeting,asweetingu@phoca.cz,Male,241.248.212.95
Hedda Gabler,Lisa,Greenacre,lgreenacrev@soup.io,Female,29.229.69.174
"Alarmist, The (a.k.a. Life During Wartime)",Tally,Castleman,tcastlemanw@cloudflare.com,Male,204.34.97.145
Zen Noir,Lezlie,Knappitt,lknappittx@biglobe.ne.jp,Female,163.217.80.100
King of Beggars (Mo jong yuen So Hat-Yi),Pennie,Antat,pantaty@google.de,Male,205.234.188.39
Patton Oswalt: Finest Hour,Krissy,McKerron,kmckerronz@sun.com,Female,199.171.14.13
Subway,Barrie,Janikowski,bjanikowski10@4shared.com,Male,185.238.36.177
What Price Glory,Clare,Dabinett,cdabinett11@cdc.gov,Male,192.200.24.35
"Rabid Grannies (Mémés cannibales, Les)",Catrina,Torra,ctorra12@google.pl,Polygender,57.76.252.73
Vidal Sassoon: The Movie,Kip,Fellos,kfellos13@reverbnation.com,Female,78.160.228.159
Cherish,Dewey,Coggell,dcoggell14@ucoz.ru,Male,91.213.74.11
Life Is Sweet,Elenore,McMorran,emcmorran15@constantcontact.com,Female,102.8.180.143
Indian Summer,Matthieu,Cases,mcases16@upenn.edu,Male,215.166.207.41
Parting Glances,Mordy,Gilardoni,mgilardoni17@canalblog.com,Male,53.211.205.245
"Fish Called Wanda, A",Ailbert,Stango,astango18@reverbnation.com,Male,76.89.220.64
Love Is News,Daryle,O'Donnelly,dodonnelly19@gizmodo.com,Genderfluid,180.137.171.163
Brainstorm,Frasco,MacCart,fmaccart1a@prnewswire.com,Male,10.239.43.219
Baby Mama,Manda,Mcmanaman,mmcmanaman1b@phpbb.com,Female,254.206.126.152
Chapiteau-show (Shapito-shou),Garreth,Willgoose,gwillgoose1c@cdbaby.com,Male,184.252.161.24
Man of the World,Aylmer,Patroni,apatroni1d@xing.com,Male,207.212.188.79
Zizek!,Hettie,June,hjune1e@g.co,Female,15.151.198.86
"House of the Seven Gables, The",Ester,Davidsson,edavidsson1f@reverbnation.com,Female,195.71.91.220
Two Kilers (Kilerów 2-óch),Merissa,Keighley,mkeighley1g@zdnet.com,Female,175.151.93.9
Escape,Hewie,Fitzroy,hfitzroy1h@weebly.com,Male,4.40.63.8
Hobson's Choice,Bryna,Tanswill,btanswill1i@webnode.com,Female,85.177.175.239
"Colour of Magic, The (Terry Pratchett's The Colour of Magic)",Otis,Graveston,ograveston1j@businesswire.com,Male,187.224.13.80
Oldboy,Cordell,Dell,cdell1k@paginegialle.it,Male,120.190.234.142
Cave of Forgotten Dreams,Christean,Bodleigh,cbodleigh1l@xrea.com,Female,210.150.22.185
Dear Heart,Kristopher,Lesley,klesley1m@hubpages.com,Male,193.244.64.203
Nobody,Ardine,Osmar,aosmar1n@amazon.com,Female,160.233.171.143
August,Isaiah,Pachmann,ipachmann1o@go.com,Male,98.96.132.47
Counsellor at Law,Tomas,Biasini,tbiasini1p@desdev.cn,Male,27.238.12.241
Night Has a Thousand Eyes,Edward,Torn,etorn1q@netscape.com,Male,50.167.228.186
Lucky,Corny,Ortner,cortner1r@gov.uk,Male,116.239.15.234
Ordinary Decent Criminal,Darelle,Harsnipe,dharsnipe1s@bandcamp.com,Female,141.20.75.4
"Boys, The",Marlo,Davoren,mdavoren1t@wikipedia.org,Male,205.207.245.139
"Money Pit, The",Worthy,Mussotti,wmussotti1u@java.com,Bigender,212.56.205.16
Tol'able David,Derrick,Haselhurst,dhaselhurst1v@sogou.com,Male,18.253.74.28
"Hireling, The",Elizabet,Kliemchen,ekliemchen1w@washingtonpost.com,Female,102.96.162.200
Is Paris Burning? (Paris brûle-t-il?),Pierre,McMurtyr,pmcmurtyr1x@elpais.com,Male,99.36.198.21
No Flesh Shall Be Spared,Melanie,Brunskill,mbrunskill1y@npr.org,Female,11.42.125.165
Asylum Blackout,Brianna,Evison,bevison1z@taobao.com,Female,131.96.123.8
Home,Hayyim,Eastmead,heastmead20@yelp.com,Male,88.165.124.116
Louis Theroux: Law & Disorder,Estele,Hairsnape,ehairsnape21@storify.com,Female,185.129.128.121
Kiwi!,Filippa,Viollet,fviollet22@technorati.com,Female,90.67.71.76
"Everlasting Piece, An",Koenraad,Bew,kbew23@sbwire.com,Male,25.79.202.20
"Decade Under the Influence, A",Marty,Wisniowski,mwisniowski24@technorati.com,Genderfluid,164.170.89.160
Me Myself I,Ebba,Brasse,ebrasse25@dyndns.org,Bigender,182.138.75.64
"Devil's Trap, The (Dáblova past)",Kasey,Cronin,kcronin26@pen.io,Female,216.95.183.105
District 13 (Banlieue 13),Cathleen,Sollime,csollime27@live.com,Female,202.109.152.172
Fast Food Nation,Crichton,Kingshott,ckingshott28@shutterfly.com,Male,86.146.177.44
Everly,Simonette,Udall,sudall29@mit.edu,Agender,225.71.51.30
"Awful Truth, The",Adrianne,Bromley,abromley2a@cpanel.net,Female,255.101.148.136
My Flesh and Blood,Janelle,Goldman,jgoldman2b@gmpg.org,Genderqueer,249.201.125.70
Cousin cousine,Emmery,Borrel,eborrel2c@google.com,Male,45.173.237.189
"Virgin Suicides, The",Ema,Dandison,edandison2d@mit.edu,Female,221.223.179.62
Sunburn,Tadeo,Hannabus,thannabus2e@opensource.org,Bigender,26.144.105.27
Crisis,Andrew,Ryam,aryam2f@weibo.com,Male,192.118.59.248
This Man Must Die (Que la bête meure),Eleonore,Whatham,ewhatham2g@nifty.com,Female,150.174.132.213
On the Double ,Obediah,Flanders,oflanders2h@wix.com,Male,184.65.222.232
"Duchess of Langeais, The (a.k.a. Don't Touch the Axe) (Ne touchez pas la hache)",Orin,Earp,oearp2i@google.ru,Male,139.75.102.208
Bigfoot,Edithe,Brusin,ebrusin2j@ucsd.edu,Female,92.93.218.36
Ride the High Country,Kara-lynn,Goutcher,kgoutcher2k@mayoclinic.com,Female,154.210.4.162
Haunted Honeymoon,Hughie,Tolefree,htolefree2l@barnesandnoble.com,Male,48.152.211.155
Love Finds Andy Hardy,Roderich,Trusler,rtrusler2m@tamu.edu,Male,61.92.211.213
Blind Justice (Hævnens nat),Lebbie,Gilders,lgilders2n@msu.edu,Female,154.67.175.84
Made in America,Herbie,Frier,hfrier2o@prlog.org,Male,65.141.234.147
Fury,Osgood,Brason,obrason2p@epa.gov,Male,123.124.147.163
Celeste and Jesse Forever (Celeste & Jesse Forever),Isidora,O'Dulchonta,iodulchonta2q@miibeian.gov.cn,Female,118.201.226.210
Scent of a Woman,Pebrook,Laskey,plaskey2r@apache.org,Male,216.130.164.208
Lesson of the Evil (Aku no kyôten),Winifred,Walsh,wwalsh2s@hugedomains.com,Female,2.198.193.159
Nobody's Fool,Nelly,Maher,nmaher2t@ezinearticles.com,Female,200.156.213.182
"Night Strangler, The",Aharon,Diamant,adiamant2u@hhs.gov,Male,221.18.112.173
It's Alive,Moira,Stapforth,mstapforth2v@mediafire.com,Polygender,177.189.252.82
These Girls,Noni,Vlies,nvlies2w@dropbox.com,Female,180.144.149.0
Wings (Krylya),Lena,Chupin,lchupin2x@smh.com.au,Female,109.11.211.110
Dr. Gillespie's New Assistant,Stevy,Quinnette,squinnette2y@blogs.com,Male,50.195.144.14
Supercondriaque,Kirby,Lummasana,klummasana2z@yellowbook.com,Female,185.131.210.177
Salvation Boulevard,Theresina,Daft,tdaft30@live.com,Female,218.88.17.21
Desert Blue,Stacee,Penylton,spenylton31@cnet.com,Female,16.218.182.70
Dangerous Liaisons,Hazel,Ames,hames32@house.gov,Male,51.51.197.3
"One-Armed Swordsman, The (Dubei dao)",Brodie,Teresi,bteresi33@nifty.com,Male,237.187.159.249
Daughter of Dr. Jeckyll,Hastie,Czajkowski,hczajkowski34@mayoclinic.com,Male,89.222.49.152
American Gangster,Nessie,MacGibbon,nmacgibbon35@blog.com,Female,167.159.98.32
Incident at Loch Ness,Dannye,Boshard,dboshard36@biblegateway.com,Female,140.183.138.168
"Reckless Moment, The",Dewain,Gebbie,dgebbie37@newyorker.com,Male,162.162.141.232
Money as Debt,Hersh,Swindells,hswindells38@mlb.com,Male,111.84.236.20
Touch of Evil,Odelia,Gerty,ogerty39@friendfeed.com,Female,159.43.169.146
"Spirit of the Beehive, The (Espíritu de la colmena, El)",Wallis,Lavelle,wlavelle3a@uiuc.edu,Male,182.219.209.127
Beauty and the Boss,Skippy,Scard,sscard3b@si.edu,Male,200.51.139.205
Bay of Angels (La baie des anges),Pyotr,Claw,pclaw3c@bandcamp.com,Male,227.50.23.87
Cutlet for Three (Ein Schnitzel für drei),Babbette,Clague,bclague3d@washingtonpost.com,Female,184.113.47.103
"Aries Spears: Hollywood, Look I'm Smiling",Lara,Bibb,lbibb3e@naver.com,Female,185.39.68.227
"Public Woman, The (Femme publique, La)",Nathaniel,Goch,ngoch3f@163.com,Male,246.180.208.98
Love Meetings (Comizi d'amore),Barnaby,Illsley,billsley3g@shutterfly.com,Male,70.147.226.188
2AM: The Smiling Man,Kristyn,Pickles,kpickles3h@paginegialle.it,Female,180.100.252.182
Trog,Diane,Guntrip,dguntrip3i@europa.eu,Female,46.216.13.63
"Glass Shield, The",Aurelia,Heckle,aheckle3j@ovh.net,Female,251.113.20.88
Barabbas,Dwain,Clulow,dclulow3k@cyberchimps.com,Male,0.159.43.203
Take the High Ground!,Pall,MacGaughey,pmacgaughey3l@fema.gov,Male,119.152.209.211
Gacy,Maritsa,Minihan,mminihan3m@paginegialle.it,Female,27.82.151.175
Paradise Road,Theo,Lippiello,tlippiello3n@upenn.edu,Female,112.42.164.100
Behold a Pale Horse,Holly,Jachimak,hjachimak3o@wisc.edu,Female,43.44.135.224
Grimm Love (Rohtenburg),Artie,Gilling,agilling3p@naver.com,Genderfluid,116.95.107.85
Sweepers,Amandi,Valeri,avaleri3q@washingtonpost.com,Female,21.106.188.51
Numb,Krystle,Creddon,kcreddon3r@reference.com,Female,97.17.137.12
Pan Tadeusz: The Last Foray in Lithuania (Pan Tadeusz),Marga,Loftin,mloftin3s@blogspot.com,Female,195.135.43.169
"Lineup, The",Maynord,Eley,meley3t@xinhuanet.com,Male,118.17.28.212
BlinkyTM,Orran,Impy,oimpy3u@narod.ru,Male,224.138.106.88
Whispering Corridors (Yeogo Goedam),Levey,Hallbord,lhallbord3v@photobucket.com,Male,193.28.185.193
"Milky Way, The (Voie lactée, La)",Jasmine,Patel,jpatel3w@jigsy.com,Female,118.74.72.155
Halfmoon (Paul Bowles - Halbmond),Tani,Ellesworthe,tellesworthe3x@examiner.com,Female,222.243.19.174
Paranormal Activity 4,Garland,Hardstaff,ghardstaff3y@nifty.com,Female,247.240.152.30
The Disappearance of Eleanor Rigby: Her,Micky,Cope,mcope3z@nature.com,Male,49.40.198.44
Louis C.K.: Shameless,Clo,Garbert,cgarbert40@unblog.fr,Genderqueer,239.221.82.13
Peep World,Baxter,Paraman,bparaman41@tamu.edu,Genderfluid,141.233.103.56
"Star Chamber, The",Fitz,Totterdell,ftotterdell42@wikimedia.org,Male,166.98.124.7
Bikes vs Cars,Rici,Filinkov,rfilinkov43@army.mil,Female,219.176.244.206
Antonio das Mortes (O Dragão da Maldade contra o Santo Guerreiro),Brynne,Greenmon,bgreenmon44@digg.com,Female,205.234.230.55
The Girls,Addi,Beel,abeel45@cam.ac.uk,Female,36.213.241.95
Killers from Space,Vikky,Veld,vveld46@blog.com,Female,100.7.124.196
"Borrowers, The",Angelia,Peaseman,apeaseman47@patch.com,Female,215.3.96.118
Like Crazy,Bonny,Blackford,bblackford48@a8.net,Female,181.121.158.105
Smiles of a Summer Night (Sommarnattens leende),Allyn,Bustin,abustin49@va.gov,Female,109.199.17.66
Semper Fi,Gipsy,Veelers,gveelers4a@ibm.com,Female,129.79.206.10
Strawberries in the Supermarket (Jagoda u supermarketu) ,Aimee,Halesworth,ahalesworth4b@cocolog-nifty.com,Female,6.182.23.213
Samaritan Zatoichi (Zatôichi kenka-daiko) (Zatôichi 19),Danella,O' Culligan,doculligan4c@baidu.com,Female,152.243.210.214
Fantasia 2000,Ilene,Cornils,icornils4d@freewebs.com,Female,243.222.230.179
"Loneliest Planet, The",Kennan,Norsister,knorsister4e@hexun.com,Male,196.77.101.197
"General Died at Dawn, The",Ingar,Ilyas,iilyas4f@skyrock.com,Male,145.74.8.12
"Fight, Zatoichi, Fight (Zatôichi kesshô-tabi) (Zatôichi 8)",Andras,Penhearow,apenhearow4g@furl.net,Male,226.235.230.154
Dabangg 2,Darda,Frany,dfrany4h@amazonaws.com,Female,167.148.22.245
"Conquest, The (La conquête)",Quintin,Telling,qtelling4i@netscape.com,Male,65.151.89.148
King Cobra,Pierce,Nisuis,pnisuis4j@issuu.com,Male,111.255.181.192
Microcosmos (Microcosmos: Le peuple de l'herbe),Alla,Mellows,amellows4k@theatlantic.com,Non-binary,72.84.132.69
Heavy Metal 2000,Ransom,Firby,rfirby4l@sohu.com,Polygender,172.94.6.32
And God Created Woman (Et Dieu... créa la femme),Enrika,Niessen,eniessen4m@cloudflare.com,Female,168.126.93.11
Won Ton Ton: The Dog Who Saved Hollywood,Tye,Lamanby,tlamanby4n@seesaa.net,Male,0.217.135.146
Nowhere,Brigham,Newiss,bnewiss4o@phoca.cz,Male,145.1.164.116
Samaritan Girl (Samaria),Sondra,Blaydes,sblaydes4p@fc2.com,Female,146.231.185.93
All That Jazz,Esther,MacGoun,emacgoun4q@china.com.cn,Female,191.63.219.98
Saw VII 3D - The Final Chapter,Julietta,Boydon,jboydon4r@smh.com.au,Female,91.219.75.222
Heart Condition,Duff,Corston,dcorston4s@google.cn,Male,192.108.26.191
Look Who's Talking Too,Jocelyn,Riddle,jriddle4t@smh.com.au,Female,184.83.23.175
Titus,Nikolas,Hindsberg,nhindsberg4u@mac.com,Male,207.11.54.187
Psych-Out,Walliw,Gluyus,wgluyus4v@yahoo.com,Female,191.107.42.8
Killer (Tueur à gages),Jarvis,Kunkler,jkunkler4w@shutterfly.com,Male,68.157.213.71
Starry starry night (Xing kong),Ahmad,Murra,amurra4x@icio.us,Bigender,174.8.68.20
Quicksand,Prentice,Benedict,pbenedict4y@cargocollective.com,Male,98.193.246.18
Heavy,Bar,Cowdroy,bcowdroy4z@bravesites.com,Male,231.40.14.102
Sansa,Celisse,Pichmann,cpichmann50@msn.com,Female,142.91.163.65
Gigantic,Mariya,Ellum,mellum51@ucoz.com,Female,229.223.242.108
2010: The Year We Make Contact,Borden,Udy,budy52@epa.gov,Male,10.83.182.219
Bewitched (Alter Ego),Jo ann,Jackson,jjackson53@geocities.jp,Bigender,239.0.137.181
Casino Jack and the United States of Money,Gypsy,Buye,gbuye54@clickbank.net,Female,54.70.36.50
Heaven Is for Real,Nikolaus,Easton,neaston55@unicef.org,Male,168.205.91.61
Another Nine & a Half Weeks (Love in Paris) (9 1/2 Weeks II) (Another 9 1/2 Weeks),Berrie,McLenaghan,bmclenaghan56@wunderground.com,Female,204.77.244.128
Winter of Frozen Dreams,Allard,Eneas,aeneas57@newsvine.com,Male,14.45.76.144
"Standing Aside, Watching",Layney,Genge,lgenge58@a8.net,Female,59.61.240.76
Sydney White,Rosaline,Pettis,rpettis59@123-reg.co.uk,Female,114.179.92.111
Brigham City,Liane,Clucas,lclucas5a@eepurl.com,Female,135.171.89.158
Birthday Girl,Gretchen,Gennerich,ggennerich5b@skype.com,Female,152.98.215.195
"Living Sea, The",Graham,Daulton,gdaulton5c@amazonaws.com,Male,136.204.169.33
Nantucket Film Festival's Comedy Roundtable,Ailsun,Sterland,asterland5d@merriam-webster.com,Female,10.247.76.211
Tap,Stearn,Rosenvasser,srosenvasser5e@patch.com,Male,94.34.212.77
"Long Day Closes, The",Heindrick,Voss,hvoss5f@un.org,Male,131.10.101.193
Anna and the King,Travers,Axten,taxten5g@time.com,Male,104.152.137.112
360,Ham,Simnor,hsimnor5h@deliciousdays.com,Male,148.56.122.97
Igby Goes Down,Kania,Walrond,kwalrond5i@usda.gov,Female,1.35.107.168
Defying Gravity,Claretta,Puzey,cpuzey5j@unc.edu,Female,60.31.90.181
Underworld,Georgette,McCluskey,gmccluskey5k@wikia.com,Female,204.56.46.87
Life Back Then (Antoki no inochi),Ruperta,Hammor,rhammor5l@51.la,Female,66.33.28.192
Concursante,Zachery,Teggart,zteggart5m@squidoo.com,Male,14.94.189.218
Joe the King,Ahmed,Newby,anewby5n@g.co,Male,251.71.62.69
Playing 'In the Company of Men' (En jouant 'Dans la compagnie des hommes'),Twila,Shields,tshields5o@artisteer.com,Female,72.157.219.104
"Cannonball Run, The",Loren,Maffini,lmaffini5p@mtv.com,Female,21.156.187.198
Sun Don't Shine,Sandy,Wotton,swotton5q@typepad.com,Female,175.175.176.216
"Older Brother, Younger Sister (Ani imôto)",Carissa,Roadnight,croadnight5r@example.com,Female,62.122.173.85
Jack Frost,Teddie,Cleveland,tcleveland5s@slashdot.org,Agender,0.46.163.98
Airplane II: The Sequel,Stephen,Longmuir,slongmuir5t@geocities.jp,Male,87.187.184.145
Romasanta: The Werewolf Hunt,Fayina,Tabard,ftabard5u@zdnet.com,Female,117.6.200.148
One Night Stand,Teodorico,Yancey,tyancey5v@opensource.org,Male,193.30.84.173
Reclaim Your Brain (Free Rainer),Jase,Ixer,jixer5w@aol.com,Male,251.48.189.254
Daddy and Them,Cheslie,Govey,cgovey5x@fc2.com,Female,249.168.191.154
The Rabbi's Cat (Le chat du rabbin),North,Kite,nkite5y@wix.com,Male,6.100.22.184
Roger & Me,Freddy,O' Cuolahan,focuolahan5z@kickstarter.com,Non-binary,154.61.34.205
"Music Lovers, The",Tabb,Le Fleming,tlefleming60@pen.io,Male,214.202.60.61
Where the Truth Lies,Iris,Lishman,ilishman61@mtv.com,Female,218.190.151.40
Lay the Favorite,Jasmina,Randle,jrandle62@answers.com,Female,154.135.189.215
Rocket Singh: Salesman of the Year,Husein,Weyman,hweyman63@qq.com,Male,244.171.101.114
"Crush, The",Nessi,Knevit,nknevit64@example.com,Female,114.173.92.217
Tukkijoella,Maddy,Jiroutka,mjiroutka65@arizona.edu,Female,64.18.96.8
Bad Ronald,Chrisy,Favelle,cfavelle66@blogger.com,Male,31.197.252.15
Still Breathing,Urbano,Birchill,ubirchill67@intel.com,Male,114.147.105.143
Children of the Corn IV: The Gathering,Rolando,Kennedy,rkennedy68@wiley.com,Male,131.3.59.1
"Country Bears, The",Star,Cuniam,scuniam69@ezinearticles.com,Female,81.195.171.187
"Little Engine That Could, The",Ellwood,Pulhoster,epulhoster6a@seattletimes.com,Male,222.163.151.154
Conversations with Other Women,Gill,Hansed,ghansed6b@opensource.org,Female,66.149.112.57
"Ciel est à vous, Le (Woman Who Dared, The)",Ricca,Lohan,rlohan6c@webnode.com,Female,111.16.55.109
Women Art Revolution,Sada,Struis,sstruis6d@tuttocitta.it,Female,180.38.189.222
Freakin' Beautiful World (Sairaan kaunis maailma),Ansell,Trewman,atrewman6e@twitpic.com,Male,22.17.157.70
Breakin' 2: Electric Boogaloo,Tallulah,Southway,tsouthway6f@guardian.co.uk,Female,162.106.188.138
"Aviator, The",Patrice,Enochsson,penochsson6g@house.gov,Male,63.97.2.20
My Mom's New Boyfriend,Vally,O' Dornan,vodornan6h@diigo.com,Female,243.228.118.85
"Corsican File, The (L'enquête corse)",Lacie,Dowley,ldowley6i@vinaora.com,Female,62.249.58.250
Berkeley in the '60s,Reta,Hartshorn,rhartshorn6j@blog.com,Female,11.145.98.63
Cleopatra,Moria,Blase,mblase6k@webs.com,Genderqueer,228.12.47.106
Jupiter Ascending,Englebert,MacCartair,emaccartair6l@aboutads.info,Male,226.54.123.238
Make Believe,Josephine,Brevetor,jbrevetor6m@cam.ac.uk,Female,211.227.105.29
Ecstasy (Éxtasis),Georgine,Atthow,gatthow6n@cyberchimps.com,Female,50.254.173.231
Bill Burr: I'm Sorry You Feel That Way,Rennie,Cardozo,rcardozo6o@rediff.com,Female,162.248.3.50
Madagascar,Jade,Gronw,jgronw6p@noaa.gov,Female,44.25.60.144
Heavy Metal Parking Lot,Trisha,Wicklen,twicklen6q@hud.gov,Female,221.175.149.105
Tevye,Enrichetta,Moretto,emoretto6r@yahoo.co.jp,Female,178.238.27.100
At First Sight (Entre Nous) (Coup de foudre),Doroteya,Cowlard,dcowlard6s@gov.uk,Female,16.241.225.182
Tenderness (Hellyys),Niki,Caskey,ncaskey6t@census.gov,Male,86.109.104.128
Des roses en hiver,Sibley,Stannett,sstannett6u@salon.com,Female,43.135.215.64
Rock the Boat,Claybourne,Swainson,cswainson6v@g.co,Male,70.108.153.222
Numb,Ellyn,O' Sullivan,eosullivan6w@cnet.com,Female,244.154.106.226
Johnny Was,Merilee,Sellick,msellick6x@google.pl,Female,244.240.229.193
Tears of the Black Tiger (Fah talai jone),Imojean,Garvin,igarvin6y@accuweather.com,Female,228.179.56.226
"Chemical Brothers: Don't Think, The",Editha,Minero,eminero6z@unesco.org,Female,163.135.19.201
I Shot Jesse James,Alysa,Lorentzen,alorentzen70@shinystat.com,Genderfluid,87.27.75.224
Baffled!,Maynord,Alessandretti,malessandretti71@nsw.gov.au,Male,103.210.19.8
Pandorum,Chickie,Hurlston,churlston72@canalblog.com,Male,245.90.234.47
"Laughing Policeman, The",Verena,MacDowall,vmacdowall73@ftc.gov,Female,63.238.146.167
"Big Trees, The",Clemmie,Perche,cperche74@who.int,Male,22.104.148.109
Noi the Albino (Nói albinói),Allx,Atling,aatling75@intel.com,Female,194.191.176.87
"Bound by Honor (a.k.a. Blood In, Blood Out)",Fran,Chazier,fchazier76@washingtonpost.com,Female,243.164.157.211
Suspect Zero,Stacee,Gingold,sgingold77@google.es,Male,51.139.209.147
One Direction: This Is Us,Tate,Punshon,tpunshon78@nyu.edu,Male,122.232.232.24
Pretty Things,Chris,Going,cgoing79@sphinn.com,Female,150.67.250.64
Here Comes the Groom,Cornelia,Romke,cromke7a@last.fm,Female,194.205.47.29
"Perils of Pauline, The",Dmitri,Shrubshall,dshrubshall7b@gizmodo.com,Male,232.252.186.99
Ramona and Beezus,Petey,Maylard,pmaylard7c@usnews.com,Male,147.134.13.219
"Making of a Legend: Gone with the Wind, The",Gil,Lumsdale,glumsdale7d@adobe.com,Male,46.86.217.148
House of Angels (Änglagård),Shandeigh,McCosker,smccosker7e@topsy.com,Female,28.198.40.241
"Skin I Live In, The (La piel que habito)",Ira,Beere,ibeere7f@gov.uk,Genderfluid,13.8.26.88
It Happened to Jane,Clark,Anscott,canscott7g@illinois.edu,Agender,48.128.219.220
"Hawk Is Dying, The",Benedikt,Innocenti,binnocenti7h@altervista.org,Male,149.239.164.79
One Million Years B.C.,Evelyn,Langman,elangman7i@china.com.cn,Female,115.247.77.245
"Nest, The (Nid de Guêpes)",Nicoline,Hursthouse,nhursthouse7j@bandcamp.com,Agender,64.164.226.160
May in the Summer,Tracie,Lebel,tlebel7k@issuu.com,Male,82.236.39.6
Rammbock,Delmer,Perryn,dperryn7l@topsy.com,Male,29.151.32.164
"Suddenly, Last Winter (Improvvisamente l'inverno scorso)",Miles,Rumbellow,mrumbellow7m@slashdot.org,Male,240.169.116.139
Mr. Turner,Bron,Castagno,bcastagno7n@wikispaces.com,Male,123.140.51.242
Beverly Hills Chihuahua 2,Evin,Magwood,emagwood7o@jimdo.com,Male,126.234.133.78
Ronin,Madge,Povey,mpovey7p@amazonaws.com,Female,86.229.162.198
12 Storeys (Shier lou),Florentia,Shearsby,fshearsby7q@nhs.uk,Female,198.110.44.99
Air Raid Wardens,Colene,Doerr,cdoerr7r@jugem.jp,Female,121.236.87.198
Hum Dil De Chuke Sanam,Hermann,Orbon,horbon7s@so-net.ne.jp,Genderfluid,127.8.240.197
Red Riding: 1980,Rubie,Pinkney,rpinkney7t@symantec.com,Female,77.165.139.142
Anguish (Angustia),Kathie,Mounsie,kmounsie7u@desdev.cn,Female,7.0.80.180
Caroline?,Marina,Lyttle,mlyttle7v@cloudflare.com,Female,117.34.111.211
Point Blank (À bout portant),Willis,Joire,wjoire7w@symantec.com,Male,106.26.207.235
Amazonia,Gav,Ickovici,gickovici7x@washingtonpost.com,Non-binary,68.226.97.130
Watermelon Man,Ganny,Lenin,glenin7y@blog.com,Male,238.223.139.48
"Perfect Holiday, The",Erin,Musgrave,emusgrave7z@techcrunch.com,Male,110.145.214.6
Triumph of the Will (Triumph des Willens),Gorden,McCowen,gmccowen80@dropbox.com,Male,125.186.223.23
"Angel Named Billy, An",Kliment,Burland,kburland81@t-online.de,Male,74.65.165.159
Chris Rock: Bring the Pain,Kial,Kirkham,kkirkham82@hp.com,Bigender,11.228.100.151
Good Neighbours (a.k.a. Good Neighbors),Allyn,Frise,afrise83@cnn.com,Male,89.51.70.123
"Lazarus Project, The",Ann-marie,Dunne,adunne84@com.com,Agender,83.84.19.107
Shark Skin Man and Peach Hip Girl (Samehada otoko to momojiri onna),Rorie,Caisley,rcaisley85@un.org,Female,47.60.102.52
Looking for Richard,Jan,Western,jwestern86@ftc.gov,Male,45.59.192.200
"Streetcar Named Desire, A",Heather,MacAiline,hmacailine87@taobao.com,Female,77.224.210.189
Flickering Lights (Blinkende lygter),Charita,Purviss,cpurviss88@go.com,Female,141.99.159.29
Mother Carey's Chickens,Amos,Huckstepp,ahuckstepp89@etsy.com,Male,174.25.163.120
Walking With Dinosaurs,Nevin,Duell,nduell8a@g.co,Male,206.228.179.148
Who's That Knocking at My Door?,Kristopher,Cheevers,kcheevers8b@ehow.com,Male,230.202.37.144
"Turin Horse, The (A Torinói ló)",Harman,Brewerton,hbrewerton8c@blog.com,Male,91.24.162.112
Blink,Maurise,Ree,mree8d@columbia.edu,Genderqueer,136.52.179.42
"Lord of the Rings: The Return of the King, The",Kerrin,Antonovic,kantonovic8e@reddit.com,Female,247.230.242.251
"War of the Worlds, The",Wallis,O'Teague,woteague8f@domainmarket.com,Male,25.239.140.26
Kobe Doin' Work,Giffard,Melato,gmelato8g@squarespace.com,Male,73.114.126.50
"Irene, Go Home! (Irena do domu!)",Henrik,Whitcomb,hwhitcomb8h@moonfruit.com,Male,29.231.137.213
With Love... from the Age of Reason,Jacinthe,Lancetter,jlancetter8i@ocn.ne.jp,Female,46.8.249.249
Antichrist,Ilaire,Gronav,igronav8j@state.gov,Male,67.176.127.229
Monsignor,Englebert,Werrilow,ewerrilow8k@ezinearticles.com,Male,51.184.6.8
Pumpkinhead,Vannie,Klima,vklima8l@wikia.com,Female,10.193.101.166
The Fat Spy,Cecily,Spoure,cspoure8m@livejournal.com,Female,31.183.116.127
Blackballed: The Bobby Dukes Story,Jule,Elcock,jelcock8n@yelp.com,Male,216.158.98.97
DarkBlueAlmostBlack (Azuloscurocasinegro),Seka,Knoton,sknoton8o@skyrock.com,Agender,58.72.10.61
How to Succeed in Business Without Really Trying,Teresina,Romanet,tromanet8p@wordpress.org,Genderfluid,2.171.19.242
"Parade, The (Parada)",Noell,Kindley,nkindley8q@jugem.jp,Female,10.75.88.246
Eaten Alive (Mangiati Vivi),Coralie,Morbey,cmorbey8r@nature.com,Female,150.229.235.68
Safety Not Guaranteed,Christye,de Amaya,cdeamaya8s@wsj.com,Female,35.149.253.109
The Periwig-Maker,Otis,Relph,orelph8t@geocities.jp,Male,137.23.66.138
Slacker,Hoebart,Aslen,haslen8u@yale.edu,Male,82.96.16.211
Stir Crazy,Shari,Listone,slistone8v@blogger.com,Female,183.169.176.85
Happiness,Phillida,Fayerman,pfayerman8w@joomla.org,Female,110.154.116.86
Flandres (Flanders),Rourke,Rudkin,rrudkin8x@answers.com,Male,236.39.9.85
Wing and a Prayer,Alair,Gipps,agipps8y@prweb.com,Male,181.80.226.26
Shoot to Kill,Hunfredo,Worledge,hworledge8z@amazonaws.com,Male,215.63.180.144
"Alphabet Killer, The",Caye,Sutherel,csutherel90@apple.com,Female,246.138.158.167
Lilting,Pattie,Canadine,pcanadine91@reference.com,Female,61.192.92.181
Harry and the Hendersons,Noak,Pomeroy,npomeroy92@indiatimes.com,Agender,213.135.181.249
The Happy Road,Eugenia,Blatherwick,eblatherwick93@state.gov,Female,250.243.147.111
"Source, The",Alwin,Gate,agate94@yellowpages.com,Male,231.170.21.19
"Place Promised in Our Early Days, The (Kumo no mukô, yakusoku no basho)",Maiga,Smorthit,msmorthit95@dyndns.org,Female,59.27.90.30
Revenge,Anissa,Jelphs,ajelphs96@guardian.co.uk,Non-binary,52.36.212.151
Mitchell,Corry,Hubatsch,chubatsch97@parallels.com,Female,225.31.122.190
"Ghost, The",Darby,Rosin,drosin98@yahoo.co.jp,Female,200.135.167.231
Tale of the Mummy,Padriac,Gelardi,pgelardi99@fotki.com,Male,254.42.177.212
Palermo Shooting,Elvina,Edmans,eedmans9a@themeforest.net,Female,111.65.199.119
V for Vendetta,Saunders,Grief,sgrief9b@gizmodo.com,Male,137.167.239.101
"Land Before Time II: The Great Valley Adventure, The",Margarete,Bemand,mbemand9c@europa.eu,Female,160.197.36.91
"Cowboys, The",Hamish,Lead,hlead9d@google.fr,Male,242.112.152.4
Moonlight Serenade,Patrizius,Jefferies,pjefferies9e@plala.or.jp,Male,30.94.84.84
This Gun for Hire,Malissia,Noquet,mnoquet9f@baidu.com,Female,14.169.243.241
Madman,Antonius,Gutans,agutans9g@last.fm,Male,13.138.77.106
Back to School,Cristy,Marquiss,cmarquiss9h@accuweather.com,Female,33.138.170.116
Where the Day Takes You,Rosalinda,de Clerq,rdeclerq9i@trellian.com,Female,46.177.238.185
The Nutcracker in 3D,Chrissie,Kaines,ckaines9j@mediafire.com,Female,128.110.110.122
Sharktopus,Geordie,Rhead,grhead9k@upenn.edu,Male,61.117.170.175
Can't Help Singing,Jeremie,Riccetti,jriccetti9l@artisteer.com,Male,240.210.212.178
"Go-Between, The",Jewel,Dreigher,jdreigher9m@about.com,Female,115.101.116.21
Bloody Angels (1732 Høtten: Marerittet har et postnummer),Flossi,Sallter,fsallter9n@bbb.org,Female,100.174.220.188
S.O.S. Coast Guard,Angeline,Adamovich,aadamovich9o@plala.or.jp,Female,219.35.8.122
Général Idi Amin Dada: A Self Portrait (Général Idi Amin Dada: Autoportrait),Karna,Coddrington,kcoddrington9p@army.mil,Female,193.146.9.210
"Honeymooners, The",Beck,Quirke,bquirke9q@miibeian.gov.cn,Male,51.144.113.133
"Thief of Paris, The (Le voleur)",Cedric,Kernan,ckernan9r@discovery.com,Male,197.210.253.26
Tyler Perry's Why Did I Get Married Too?,Vivyanne,Blinder,vblinder9s@comsenz.com,Female,53.67.2.141
Jiro Dreams of Sushi,Sibbie,Hastwall,shastwall9t@examiner.com,Female,208.57.120.4
All the Vermeers in New York,Neila,Noli,nnoli9u@quantcast.com,Female,179.181.158.69
Bling: A Planet Rock,Jemie,Trillow,jtrillow9v@artisteer.com,Female,164.228.193.55
Keane,Flin,Fearnall,ffearnall9w@1und1.de,Male,13.62.98.60
"Body Snatcher, The",Ronica,Boldero,rboldero9x@tinypic.com,Female,251.171.145.117
Theatre of Blood,Leonid,Curnok,lcurnok9y@so-net.ne.jp,Male,201.207.249.104
What No One Knows (Det som ingen ved),Jo-ann,Sloyan,jsloyan9z@google.pl,Female,113.38.44.248
Whipped,Gerrie,Blaszczyk,gblaszczyka0@ehow.com,Female,165.189.75.168
"Park Avenue: Money, Power and the American Dream",Biddy,Crother,bcrothera1@auda.org.au,Female,48.42.233.146
Little Big League,Esteban,Porteous,eporteousa2@economist.com,Male,107.55.248.53
The Amazing Dr. Clitterhouse,Jennette,O'Toole,jotoolea3@sohu.com,Female,74.187.157.45
Unstrung Heroes,Arvy,Tunnicliff,atunnicliffa4@reddit.com,Male,53.31.242.75
"Moderns, The",Midge,Deverell,mdeverella5@meetup.com,Female,26.118.244.109
Nasty Old People,Aldridge,Killshaw,akillshawa6@google.ru,Male,250.70.230.252
"Host, The",Tobit,Moore,tmoorea7@tripod.com,Genderqueer,70.188.223.175
Loving,Clara,Wadesworth,cwadeswortha8@bigcartel.com,Genderfluid,229.168.155.205
"Idolmaker, The",Maegan,Mc Cahey,mmccaheya9@creativecommons.org,Female,56.242.87.221
This Film Is Not Yet Rated,Kassey,Prinnett,kprinnettaa@uiuc.edu,Female,165.127.175.45
"Curse of the Werewolf, The",Leone,Cantle,lcantleab@acquirethisname.com,Genderqueer,200.89.123.168
The First Movie,Libbi,Bullingham,lbullinghamac@cbslocal.com,Polygender,75.45.22.11
Ghostbusters II,Sanson,Sebastian,ssebastianad@webnode.com,Male,234.64.254.89
Fay Grim,Lanna,Pagel,lpagelae@mit.edu,Female,112.114.43.6
Slipstream,Frederik,Bulfit,fbulfitaf@ezinearticles.com,Male,108.13.108.167
Mélo,Nariko,Charity,ncharityag@yellowpages.com,Female,84.202.241.101
"Hypothesis of the Stolen Painting, The (L'hypothèse du tableau volé)",Lizette,Tame,ltameah@hud.gov,Female,182.103.13.170
"Dogs of War, The",Giavani,Genicke,ggenickeai@cafepress.com,Male,193.51.50.200
Puppet Master 4,Joshua,Cutill,jcutillaj@foxnews.com,Genderfluid,53.39.244.33
Rising Sun,Sergeant,Jeffry,sjeffryak@nationalgeographic.com,Male,203.232.13.86
Hellraiser,Celestyn,Volcker,cvolckeral@nationalgeographic.com,Non-binary,202.129.158.44
Australian Atomic Confessions,Tina,Rosendall,trosendallam@about.me,Female,229.188.110.208
"Legend of Lylah Clare, The",Elisabeth,Jouning,ejouningan@biblegateway.com,Female,159.0.206.249
Poison,Lucienne,Fell,lfellao@free.fr,Female,64.222.149.18
Wer,Batsheva,Kundt,bkundtap@soundcloud.com,Agender,28.232.204.70
Pokemon: The Movie 2000,Manny,McTrustam,mmctrustamaq@freewebs.com,Male,157.149.4.164
"Trap, The (Klopka)",Tandy,MacDougall,tmacdougallar@nbcnews.com,Female,91.130.107.27
Cell 211 (Celda 211),Calvin,Masding,cmasdingas@columbia.edu,Male,228.95.111.122
"Best Intentions, The (Den goda viljan)",Sacha,Keoghane,skeoghaneat@fema.gov,Bigender,154.213.82.24
Daens,Rivkah,Riding,rridingau@foxnews.com,Female,218.50.169.24
Kill Bill: Vol. 2,Jeralee,Ten Broek,jtenbroekav@reference.com,Female,231.22.121.192
All About Lola (Ce que je sais de Lola) (Lo que sé de Lola),Rosaleen,Openshaw,ropenshawaw@va.gov,Genderqueer,103.43.109.67
Escape From Tomorrow,Blaine,Wellan,bwellanax@usgs.gov,Male,235.117.82.66
Flavor of Green Tea Over Rice (Ochazuke no aji),Lauretta,Caldecourt,lcaldecourtay@yolasite.com,Female,53.1.182.104
2009: Lost Memories,Ileane,Carus,icarusaz@google.com.br,Female,90.182.186.42
Water-mirror of Granada,Jermaine,Rintoul,jrintoulb0@nbcnews.com,Male,155.113.241.97
Satan Met a Lady,Bertram,Goring,bgoringb1@sina.com.cn,Male,249.239.232.52
Electroma,Avrit,Pagram,apagramb2@nsw.gov.au,Female,178.27.230.230
Rules of Engagement,Cassaundra,Puttick,cputtickb3@stumbleupon.com,Female,138.65.168.182
"Crucible, The",Granny,Paroni,gparonib4@marketwatch.com,Male,24.119.63.15
Little Sister,Donica,Elnor,delnorb5@eepurl.com,Female,251.35.18.143
"Great Mouse Detective, The",Claiborne,Houtby,choutbyb6@eventbrite.com,Male,63.38.41.112
Daltry Calhoun,Aridatha,Jovicic,ajovicicb7@timesonline.co.uk,Female,89.58.38.18
"Book Thief, The",Micaela,Kilbourn,mkilbournb8@liveinternet.ru,Female,116.9.7.91
Coherence,Llywellyn,Giorgetti,lgiorgettib9@nhs.uk,Male,144.241.76.87
Chill Out! (Descongélate!),Marshal,Mapplethorpe,mmapplethorpeba@earthlink.net,Male,100.111.190.226
"Keeping the Promise (Sign of the Beaver, The)",Zaneta,Scotney,zscotneybb@mit.edu,Female,8.62.50.124
"Flesh Merchant, The (Wild and Wicked, The)",Pate,Addinall,paddinallbc@weibo.com,Male,26.216.56.23
"Old Fashioned Way, The",Gypsy,Gierhard,ggierhardbd@flickr.com,Polygender,240.89.65.99
O Lucky Man!,Gabi,Eldershaw,geldershawbe@topsy.com,Male,186.54.122.55
"Inner Life of Martin Frost, The",Marrilee,Shotbolt,mshotboltbf@springer.com,Female,223.98.164.206
Micki + Maude,Ward,Alenikov,walenikovbg@nbcnews.com,Male,53.189.198.65
"Misadventures of Margaret, The",Dix,Saffill,dsaffillbh@dmoz.org,Female,47.103.221.37
Wing Chun,Josee,Forrest,jforrestbi@examiner.com,Female,195.52.121.78
Ong-Bak 2: The Beginning (Ong Bak 2),Renaud,Dulen,rdulenbj@ibm.com,Male,69.33.127.221
"Morning After, The",Ruby,Hegden,rhegdenbk@myspace.com,Male,196.169.152.115
Swann in Love (Un amour de Swann),Ashleigh,Haley,ahaleybl@last.fm,Female,106.108.250.248
Too Many Girls,Chauncey,Shale,cshalebm@nbcnews.com,Male,192.14.119.223
Unprecedented: The 2000 Presidential Election,Boonie,Cubbini,bcubbinibn@ed.gov,Male,170.180.96.178
"Three Musketeers, The",Artemas,Salkild,asalkildbo@kickstarter.com,Male,189.189.129.118
"Family, The (Famiglia, La)",Adrian,Morrell,amorrellbp@163.com,Female,18.17.5.221
Darkness/Light/Darkness (Tma/Svetlo/Tma),Hubey,Barbera,hbarberabq@cbsnews.com,Male,253.6.69.119
Manon,Vicky,Baff,vbaffbr@biblegateway.com,Female,158.109.89.95
Bucky Larson: Born to Be a Star,Cornelius,Ubank,cubankbs@google.com.br,Male,118.141.186.89
20 Dates,Delmor,Ruppelin,druppelinbt@mapquest.com,Male,240.47.227.95
"Art of Negative Thinking, The (Kunsten å tenke negativt)",Fair,Tebbs,ftebbsbu@github.io,Male,237.218.115.161
Godzilla vs. Hedorah (Gojira tai Hedorâ) (Godzilla vs. The Smog Monster) ,Malanie,Elston,melstonbv@cpanel.net,Female,121.229.156.13
"Iron Giant, The",Niall,Tomsett,ntomsettbw@ft.com,Male,238.166.15.141
This Film Is Not Yet Rated,Milena,Mewton,mmewtonbx@mail.ru,Genderfluid,44.207.191.125
"Drowning Pool, The",Dew,Stihl,dstihlby@washingtonpost.com,Male,249.189.246.204
Secret Ballot (Raye makhfi),Gage,Holborn,gholbornbz@exblog.jp,Male,118.247.20.102
Passport to Pimlico,Stanislaus,Vaney,svaneyc0@amazonaws.com,Male,21.25.118.215
Naked,Frazer,D'Oyly,fdoylyc1@dailymail.co.uk,Male,28.184.13.152
Easy,Margette,Osbiston,mosbistonc2@symantec.com,Female,244.240.81.159
Carol for Another Christmas,Audi,Union,aunionc3@seesaa.net,Female,143.241.221.180
"Forsaken, The",Kathy,Bellfield,kbellfieldc4@shop-pro.jp,Female,248.239.167.220
Tungsten,Rhodia,Jefferies,rjefferiesc5@blogs.com,Female,217.166.220.119
Pull My Daisy,Jaquenette,Mannock,jmannockc6@comsenz.com,Non-binary,125.53.27.36
Spartacus,Anny,Lobbe,alobbec7@wordpress.com,Female,197.147.153.130
Aquamarine,Phillida,Physick,pphysickc8@trellian.com,Female,219.165.150.16
"Christmas Tale, A (Un conte de Noël)",Leif,Ballach,lballachc9@hao123.com,Male,200.149.126.0
Inferno,Jed,Juckes,jjuckesca@uiuc.edu,Male,231.218.139.115
Land of Silence and Darkness (Land des Schweigens und der Dunkelheit),Lenette,Sultana,lsultanacb@goo.ne.jp,Female,24.135.73.67
Assassination Tango,Adrien,Roos,arooscc@people.com.cn,Male,22.52.204.96
"Captive, The (Prisonnière, La)",Carmella,Draude,cdraudecd@slashdot.org,Bigender,194.46.81.70
Taste the Blood of Dracula,Claudian,Gehrels,cgehrelsce@slideshare.net,Male,77.175.219.107
Futurama: Bender's Game,Laryssa,Duncombe,lduncombecf@php.net,Female,67.4.182.50
Leningrad Cowboys Go America,Caspar,Neasam,cneasamcg@prweb.com,Agender,79.43.23.173
Batman,Teirtza,Klich,tklichch@apache.org,Female,161.2.151.40
Eraser,Goldi,Skarman,gskarmanci@mlb.com,Female,111.174.140.54
"Chemical Brothers: Don't Think, The",Shannah,Joannic,sjoanniccj@nymag.com,Female,145.188.108.43
David and Lisa,Roseann,Fursey,rfurseyck@tmall.com,Female,167.28.47.255
Jessie James Meets Frankenstein's Daughter,Chanda,Geill,cgeillcl@miibeian.gov.cn,Female,142.99.166.149
It Had to Be You,Zarah,Bark,zbarkcm@accuweather.com,Female,174.220.70.178
The Castle of Fu Manchu,Enrica,Harriday,eharridaycn@paypal.com,Female,181.247.28.34
Cyborg,Mame,Scarsbrick,mscarsbrickco@webs.com,Female,193.247.42.133
Deathwatch,Bondon,Izaks,bizakscp@cyberchimps.com,Male,79.196.141.250
Strictly Sexual,Laverna,Corder,lcordercq@chron.com,Female,47.147.227.70
"Chipmunk Adventure, The",Venita,Jiroudek,vjiroudekcr@miibeian.gov.cn,Female,136.54.98.128
Dylan Dog: Dead of Night,Erhard,Josefer,ejosefercs@phpbb.com,Male,245.129.246.70
Who Killed the Electric Car?,Mychal,McCurlye,mmccurlyect@pen.io,Male,238.24.136.25
Horns,Vina,Heinlein,vheinleincu@histats.com,Bigender,143.178.224.31
"Täältä tullaan, elämä!",Humfrid,Fareweather,hfareweathercv@t-online.de,Male,52.32.183.144
Sphere,Israel,Worsfield,iworsfieldcw@dell.com,Male,58.39.84.2
Repentance,Oberon,Ramas,oramascx@yahoo.co.jp,Male,89.21.42.131
Bad Day at Black Rock,Hatty,Gillinghams,hgillinghamscy@elegantthemes.com,Female,245.107.191.58
Short Circuit 2,Gradeigh,Mathiassen,gmathiassencz@dot.gov,Male,180.208.93.103
City Slacker,Christalle,Palfree,cpalfreed0@spiegel.de,Female,172.107.129.68
Last Exit,Lana,Paice,lpaiced1@desdev.cn,Female,233.72.206.52
3-Iron (Bin-jip),Chancey,Abrahams,cabrahamsd2@amazon.de,Male,141.46.38.168
The Cruel Sea,Carlynn,Harris,charrisd3@ebay.co.uk,Female,42.240.162.169
My Geisha,Ivar,Antonazzi,iantonazzid4@prnewswire.com,Male,70.19.179.0
"Octopus, The (Le poulpe)",Crissie,Mounsey,cmounseyd5@skype.com,Female,134.176.199.245
Year of the Horse,Rikki,Crake,rcraked6@independent.co.uk,Male,76.178.198.84
Carmen,Cosette,Lobell,clobelld7@g.co,Female,87.92.40.169
Sita Sings the Blues,Baxie,MacBean,bmacbeand8@dropbox.com,Male,244.136.6.198
Highlander: The Search for Vengeance,Zonnya,Iwanicki,ziwanickid9@chron.com,Female,180.74.238.131
20 Dates,Ferdie,Shelley,fshelleyda@state.gov,Male,204.104.17.107
Crossroads,Lilias,Robertot,lrobertotdb@eepurl.com,Female,173.52.89.121
Hell's Highway,Demetra,Brotherick,dbrotherickdc@thetimes.co.uk,Female,38.247.229.95
Days and Nights,Shelbi,Luckham,sluckhamdd@tinypic.com,Female,171.83.111.47
21 Grams,Farica,Ambrogioli,fambrogiolide@wordpress.org,Female,63.115.153.115
"Bone Collector, The",D'arcy,Earsman,dearsmandf@moonfruit.com,Male,61.94.155.100
Tokyo Joe,Olia,Zecchetti,ozecchettidg@istockphoto.com,Female,65.235.137.78
Sandor slash Ida,Ephrayim,Hessing,ehessingdh@businesswire.com,Male,123.229.192.209
Seven Thieves,Craig,Reyes,creyesdi@sphinn.com,Male,45.145.110.93
Cinderella,Bobina,Filyukov,bfilyukovdj@reddit.com,Female,204.249.228.196
Diamond Men,Christos,Bencher,cbencherdk@mashable.com,Male,198.42.242.91
Bitch Slap,Edmon,Cove,ecovedl@joomla.org,Male,11.31.149.68
Georg,Daffy,Joint,djointdm@cafepress.com,Female,219.239.247.91
"Missing, The",Holly,Loomis,hloomisdn@weibo.com,Male,115.44.54.123
Patsy,Kate,Winsiowiecki,kwinsiowieckido@nba.com,Female,129.200.166.134
"Human Condition III, The (Ningen no joken III)",Frankie,Gorcke,fgorckedp@hp.com,Male,250.176.167.230
Red Lights (Feux rouges),Wallace,Ingrey,wingreydq@i2i.jp,Male,57.233.247.248
"Last Broadcast, The",Berry,Wallbutton,bwallbuttondr@reddit.com,Female,169.191.7.186
Youth of the Son,Emmery,Peterson,epetersonds@ucoz.com,Male,27.23.120.222
Once Upon a Time in China III (Wong Fei-hung tsi sam: Siwong tsangba),Aldrich,Dodimead,adodimeaddt@wp.com,Male,135.210.111.157
Of Human Bondage,Alfi,Albertson,aalbertsondu@qq.com,Female,103.253.250.253
71: Into The Fire (Pohwasogeuro),Artemas,Chominski,achominskidv@ustream.tv,Male,243.18.160.0
Terminal USA,Dallis,Vasyunkin,dvasyunkindw@salon.com,Male,203.233.65.79
Thrive,Michele,Spritt,msprittdx@myspace.com,Male,116.181.214.29
Great Day in the Morning,Corney,Cianelli,ccianellidy@google.ca,Male,74.125.76.209
Armageddon 2012,Clair,D'Ruel,cdrueldz@sciencedirect.com,Male,63.111.136.211
"Giant of Marathon, The (Battaglia di Maratona, La)",Sonya,Kuschke,skuschkee0@w3.org,Female,71.136.59.168
Tusk,Ariel,Blackshaw,ablackshawe1@washington.edu,Male,136.248.216.64
I Became a Criminal (They Made Me a Fugitive),Yuma,Castle,ycastlee2@oracle.com,Male,216.29.120.95
La Planque,Sawyer,Brixey,sbrixeye3@timesonline.co.uk,Male,201.42.45.98
I Spit on Your Grave (Day of the Woman),Tabby,Finker,tfinkere4@goo.gl,Male,135.88.67.216
"Seventh Veil, The",Redd,Dood,rdoode5@google.nl,Genderqueer,241.2.233.142
"Dancer Upstairs, The",Allyce,Palley,apalleye6@altervista.org,Female,183.141.152.185
Miss Pettigrew Lives for a Day,Romain,Agastina,ragastinae7@homestead.com,Male,200.117.218.64
"Descent: Part 2, The",Analiese,Goering,agoeringe8@pen.io,Female,167.100.229.104
Not Another Happy Ending,Dacia,Stuke,dstukee9@bravesites.com,Female,116.136.215.154
Castle Keep,Far,Boag,fboagea@imgur.com,Male,195.52.198.236
For Queen and Country,Moe,Norbury,mnorburyeb@nsw.gov.au,Male,41.233.252.167
Date Night,Antoine,Francombe,afrancombeec@sciencedirect.com,Male,186.146.171.220
"Stepfather, The",Pate,Crew,pcrewed@chronoengine.com,Male,73.135.117.228
My Demon Lover,Cathee,Moraleda,cmoraledaee@hatena.ne.jp,Female,206.82.73.154
Dinosaurs: A Fun Filled Trip Back in Time,Benedicto,Halwell,bhalwellef@mozilla.org,Male,41.57.50.99
Breaking the Waves,Shandeigh,Levick,slevickeg@mac.com,Polygender,65.246.107.85
Citizenfour,Melisse,Fearn,mfearneh@prnewswire.com,Female,15.221.131.217
Amongst Friends,Darill,Cragg,dcraggei@nytimes.com,Genderqueer,89.73.173.205
Citizen Cohn,Kingsly,Timmis,ktimmisej@taobao.com,Male,121.243.202.31
Kissing a Fool,Collen,Hinkins,chinkinsek@rambler.ru,Female,173.54.13.216
Je préfère qu'on reste amis,Ode,Tappington,otappingtonel@wikipedia.org,Male,125.248.29.31
Delta Farce,Tomasine,Vasyutin,tvasyutinem@1688.com,Genderqueer,209.124.243.189
"Friends of Eddie Coyle, The",Rozanna,Cossar,rcossaren@newsvine.com,Female,195.13.82.110
"Escape Artist, The",Larry,Shillabear,lshillabeareo@jalbum.net,Male,26.155.32.249
Flavor of Green Tea Over Rice (Ochazuke no aji),Annadiana,Hallick,ahallickep@blog.com,Female,249.154.124.10
For Greater Glory: The True Story of Cristiada,Lib,Labes,llabeseq@netvibes.com,Female,73.176.250.226
Between Heaven and Hell,Dione,Swindin,dswindiner@amazon.co.jp,Female,224.100.157.12
Malta G.C.,Noak,Kenryd,nkenrydes@stanford.edu,Male,188.80.207.71
Miguel and William (Miguel y William),Serge,Marages,smarageset@cargocollective.com,Male,215.60.126.67
Dead Snow (Død snø),Gael,Stiegers,gstiegerseu@vkontakte.ru,Male,46.49.225.176
Light Sleeper,Bianka,Juanico,bjuanicoev@privacy.gov.au,Female,78.112.142.249
"Ringer, The",Nike,Jerdan,njerdanew@ovh.net,Female,63.255.62.164
Hiroshima Mon Amour,Easter,Dulake,edulakeex@youtu.be,Female,247.80.53.125
Double Take,Kelvin,Monkton,kmonktoney@mediafire.com,Male,60.146.170.34
Stanley & Iris,Naoma,Gilchrist,ngilchristez@wsj.com,Female,166.165.116.130
"Passenger, The (Professione: reporter)",Allina,Penrose,apenrosef0@census.gov,Female,245.5.184.212
Jaws: The Revenge,Lenci,Doumerc,ldoumercf1@microsoft.com,Male,96.186.110.46
Wings of Honneamise (Ôritsu uchûgun Oneamisu no tsubasa),Goraud,Daymont,gdaymontf2@yandex.ru,Male,10.35.82.118
Johnny Tremain,Kleon,Faulconbridge,kfaulconbridgef3@edublogs.org,Male,35.85.252.233
Big Deal on Madonna Street (I Soliti Ignoti),Camey,Titchen,ctitchenf4@tripadvisor.com,Male,21.192.141.90
Temple Grandin,Kriste,Skilton,kskiltonf5@histats.com,Female,170.89.92.61
Dead in the Water,Marleah,Snozzwell,msnozzwellf6@addthis.com,Female,226.141.22.39
Crime and Punishment in Suburbia,Padget,Waistell,pwaistellf7@cdc.gov,Male,169.52.155.128
Love Torn in Dream (Combat d'amour en songe),Uriah,Jacobbe,ujacobbef8@webmd.com,Male,131.113.203.92
Closed Curtain,Trumaine,Bahls,tbahlsf9@unicef.org,Male,134.159.235.29
"Scout, The",Shaughn,Tanzig,stanzigfa@surveymonkey.com,Bigender,178.189.180.143
Armored Car Robbery,Sherman,Du Plantier,sduplantierfb@elegantthemes.com,Male,121.238.128.140
Divine Madness!,Olenka,Kimblen,okimblenfc@quantcast.com,Female,4.95.45.124
Whispers in the Dark,Pansy,Marty,pmartyfd@cam.ac.uk,Female,48.29.240.154
El Niño,Vittoria,Stanlike,vstanlikefe@blinklist.com,Female,29.150.217.209
"Woman's Face, A (En kvinnas ansikte) ",Nelia,Schoffler,nschofflerff@shutterfly.com,Female,225.161.1.33
Bordertown,Evelin,Campion,ecampionfg@bigcartel.com,Male,28.253.114.162
"City of Sadness, A (Bei qing cheng shi)",Kingsly,Potebury,kpoteburyfh@twitpic.com,Male,11.131.148.85
Fandango,Jacques,Catchpole,jcatchpolefi@arizona.edu,Male,238.152.78.230
Geri's Game,Fawn,Vogele,fvogelefj@usnews.com,Female,131.144.107.82
"Caiman, The (Il caimano)",Vanda,Fitzer,vfitzerfk@netvibes.com,Female,0.53.170.101
Spanglish,Imelda,Abethell,iabethellfl@princeton.edu,Female,182.3.8.242
Big Jake,Milka,Merman,mmermanfm@unesco.org,Bigender,106.253.194.57
Boom Town,Ryon,Bilby,rbilbyfn@yahoo.com,Male,143.184.153.180
Happy Together,Eberhard,Ber,eberfo@yandex.ru,Male,114.132.78.193
Unforgettable,Hall,Cotman,hcotmanfp@github.io,Male,240.247.217.36
Blind Date,Romonda,Moggach,rmoggachfq@bing.com,Female,115.133.233.178
Getting to Know You,Cully,Normanvell,cnormanvellfr@cnet.com,Male,36.252.221.187
I Love You Too,Meggie,Killiner,mkillinerfs@biglobe.ne.jp,Female,169.199.88.216
Death of a Salesman,Elizabet,Perch,eperchft@si.edu,Female,191.201.221.217
"Spirit of '76, The",Cristine,Devenport,cdevenportfu@wisc.edu,Female,202.230.220.77
"Good Morning, Night (Buongiorno, notte)",Lauraine,Simonnot,lsimonnotfv@eventbrite.com,Genderfluid,72.197.238.69
My Kidnapper,Letizia,Targetter,ltargetterfw@vinaora.com,Female,250.34.2.58
Devour,Yulma,Burnhams,yburnhamsfx@wix.com,Bigender,33.175.182.59
One-Eyed Jacks,Maryjo,Schoolfield,mschoolfieldfy@artisteer.com,Female,7.75.240.220
Return of the Street Fighter (Satsujin ken 2),Gris,Easterling,geasterlingfz@yandex.ru,Male,182.25.44.110
The Expedition to the End of the World,Ulric,Shakesby,ushakesbyg0@sakura.ne.jp,Male,14.197.62.107
"Strange Behaviour of Sexually Mature City Slickers at Mating Season, The (Das merkwürdige Verhalten geschlechtsreifer Großstädter zur Paarungszeit)",Jinny,Tebb,jtebbg1@sourceforge.net,Female,226.223.162.246
Masters of the Universe,Susy,Tabrett,stabrettg2@ted.com,Female,252.134.223.38
Tere Naam,Ceciley,Whatson,cwhatsong3@zimbio.com,Female,220.105.156.74
Under the Skin of the City (Zir-e-poost-e Shahr),Arlana,Yitzowitz,ayitzowitzg4@cargocollective.com,Female,8.247.181.130
Rocket Gibraltar,Filberto,Bullent,fbullentg5@uol.com.br,Male,42.73.1.250
If Lucy Fell,Lovell,Terrazzo,lterrazzog6@china.com.cn,Male,99.209.108.39
Platoon,Pepillo,Hurt,phurtg7@dedecms.com,Male,201.114.182.119
Cleanflix,Ingamar,Fleay,ifleayg8@zimbio.com,Male,227.98.112.187
Teenage Mutant Ninja Turtles,Skelly,Coverlyn,scoverlyng9@slideshare.net,Male,228.71.0.61
The Rag Man,Noelle,Heaney,nheaneyga@meetup.com,Female,215.200.236.92
"Greatest Story Ever Told, The",Herman,Lackeye,hlackeyegb@exblog.jp,Male,238.220.165.176
Fanny,Corinna,Clink,cclinkgc@ebay.com,Female,205.104.119.203
Hello Down There,Hortensia,Fantin,hfantingd@ca.gov,Female,247.42.96.97
Pokémon the Movie 2000,Laureen,Jelleman,ljellemange@slate.com,Female,2.194.72.104
Stanley Kubrick's Boxes,Raynell,O'Dougherty,rodoughertygf@zimbio.com,Female,105.152.119.36
Private,Jerri,Scoines,jscoinesgg@un.org,Male,87.111.101.17
Serendipity,Leif,Farncomb,lfarncombgh@amazon.com,Genderfluid,191.221.25.19
"Magic of Ordinary Days, The",Hobie,Boriston,hboristongi@dailymotion.com,Male,220.192.166.196
Narcissus,Rurik,Paynton,rpayntongj@state.gov,Male,10.155.108.15
Dracula: Pages from a Virgin's Diary,Stewart,Ochiltree,sochiltreegk@creativecommons.org,Male,250.251.159.50
Scooby-Doo! WrestleMania Mystery,Dorry,Caston,dcastongl@163.com,Genderqueer,223.62.142.211
Bad Boy Bubby,Ferguson,Kidby,fkidbygm@google.com.au,Male,6.19.70.215
Avalon,Allyn,Klewi,aklewign@alexa.com,Female,164.44.2.212
Boy Eats Girl,Harlin,Sumers,hsumersgo@tinypic.com,Male,119.16.29.141
I Am a Fugitive from a Chain Gang,Hedi,Leithgoe,hleithgoegp@aol.com,Female,86.109.56.235
Festival in Cannes,Wright,MacKay,wmackaygq@china.com.cn,Male,185.100.44.225
Straw Dogs,Richmond,Kleisle,rkleislegr@example.com,Bigender,100.167.20.72
Rush Hour 3,Adelice,Glendinning,aglendinninggs@4shared.com,Non-binary,131.137.255.38
"Hey, Happy!",Daile,Godlee,dgodleegt@home.pl,Female,32.9.213.209
Terumae romae (Thermae Romae),Ddene,Buntin,dbuntingu@cam.ac.uk,Female,113.122.36.100
Bridge to the Sun,Sal,Wildman,swildmangv@feedburner.com,Female,240.166.37.39
Recipe for Love,Reiko,Covet,rcovetgw@umn.edu,Female,162.209.8.136
"Devil's Double, The",Northrup,Clemont,nclemontgx@omniture.com,Male,131.65.161.125
"Reluctant Dragon, The",Kara,Maddrell,kmaddrellgy@histats.com,Female,94.232.83.205
Woman Obsessed,Freemon,Hurcombe,fhurcombegz@freewebs.com,Male,121.123.123.61
"Disappearance of Eleanor Rigby: Them, The",Vlad,Le Conte,vleconteh0@artisteer.com,Male,53.159.241.189
"Hitch Hikers Guide to the Galaxy, The",Bartlett,Cettell,bcettellh1@lycos.com,Male,144.195.156.66
White Noise,Nathalie,Kiddye,nkiddyeh2@wix.com,Female,209.32.32.25
Birdcage Inn (Paran daemun),Gwenora,Scolland,gscollandh3@forbes.com,Female,218.66.182.134
Salvation Boulevard,Katha,Freezor,kfreezorh4@geocities.jp,Female,222.91.101.209
Anamorph,Gibby,Dalglish,gdalglishh5@census.gov,Male,208.42.182.128
Gentlemen Prefer Blondes,Beret,Sneyd,bsneydh6@europa.eu,Female,76.145.137.178
Bless the Beasts & Children,Homere,Dufton,hduftonh7@reuters.com,Male,126.205.54.64
Mama,Eugine,Skettles,eskettlesh8@phpbb.com,Female,143.128.204.73
Go for It,Sharron,Cary,scaryh9@examiner.com,Female,141.148.127.222
I Am Love (Io sono l'amore),Silvio,Stickins,sstickinsha@java.com,Male,149.56.74.201
Zotz!,Mayer,MacWhan,mmacwhanhb@furl.net,Male,202.22.22.38
"Thief of Bagdad, The",Lynett,Vane,lvanehc@vinaora.com,Female,35.22.151.68
P.S. I Love You,Katlin,Reddie,kreddiehd@ft.com,Female,151.3.188.126
Jimmy Carter Man from Plains,Jeno,Farlamb,jfarlambhe@msn.com,Genderqueer,149.76.172.243
Bad Luck (Zezowate szczescie),Renelle,Dorracott,rdorracotthf@ameblo.jp,Female,47.134.212.109
"Egyptian, The",Francisco,Deakin,fdeakinhg@ow.ly,Male,217.168.93.148
"Devil, Probably, The (Diable probablement, Le)",Perice,Kornas,pkornashh@ocn.ne.jp,Male,104.212.47.80
"Bishop Murder Case, The",Celka,Monnoyer,cmonnoyerhi@wikipedia.org,Female,251.172.133.15
"Tinker, Tailor, Soldier, Spy",Delmar,Biasioli,dbiasiolihj@ft.com,Male,196.221.132.83
"Get2Gether, A",Cordi,Wedon,cwedonhk@forbes.com,Female,75.121.161.16
Race with the Devil,Lyndell,Aysh,layshhl@telegraph.co.uk,Polygender,209.91.26.106
"Beast Within, The",Starla,Hawick,shawickhm@google.nl,Female,162.193.90.190
Garfield's Fun Fest,Michell,Denisyuk,mdenisyukhn@diigo.com,Female,23.48.220.39
Vacuuming Completely Nude in Paradise,Jeane,Coursor,jcoursorho@washingtonpost.com,Female,184.100.51.80
Dead Air,Starlene,Auchinleck,sauchinleckhp@auda.org.au,Female,46.75.189.234
"George Lopez: Tall, Dark & Chicano",Anselma,Rising,arisinghq@sitemeter.com,Female,249.117.212.79
Mother Joan of the Angels (Matka Joanna od aniolów),Calley,Hatwells,chatwellshr@cisco.com,Female,53.255.110.39
"Signal, The",Raynard,Blackster,rblacksterhs@privacy.gov.au,Polygender,75.213.5.109
Pokémon Origins,Rori,Dow,rdowht@sbwire.com,Female,131.82.38.197
"Fortune Cookie, The",Lauryn,Le Provest,lleprovesthu@smugmug.com,Female,25.52.103.245
Pekka ja Pätkä puistotäteinä,Jerry,Hail,jhailhv@guardian.co.uk,Female,85.56.216.58
"Happening, The",Jefferey,Bevans,jbevanshw@miibeian.gov.cn,Male,224.9.208.193
Lunch Break,Maria,Gillimgham,mgillimghamhx@mapy.cz,Female,202.106.68.2
Back to Bataan,Brana,Moulton,bmoultonhy@vistaprint.com,Female,151.88.150.118
"Fight, Zatoichi, Fight (Zatôichi kesshô-tabi) (Zatôichi 8)",Rania,Englishby,renglishbyhz@dedecms.com,Female,207.25.202.29
Blank Check,Hale,Lunt,hlunti0@scientificamerican.com,Male,6.252.230.13
Vampire Hunter D: Bloodlust (Banpaia hantâ D),Elston,Pounsett,epounsetti1@latimes.com,Male,18.157.31.32
Days and Nights in the Forest (Aranyer Din Ratri),Brear,Romayn,bromayni2@squarespace.com,Female,46.41.238.72
Timeline,Orland,Carnier,ocarnieri3@blog.com,Male,223.170.165.77
Housekeeping,Rosita,Gierke,rgierkei4@sciencedaily.com,Female,233.249.193.222
Nocturna Artificialia,Vally,McJury,vmcjuryi5@ow.ly,Female,194.115.124.101
The Night That Panicked America,Bil,Stroyan,bstroyani6@wsj.com,Male,200.104.219.113
"Wounds, The (Rane)",Luelle,Feragh,lferaghi7@theglobeandmail.com,Female,76.142.168.27
Johnny Mnemonic,Lonnie,McPhillimey,lmcphillimeyi8@blogtalkradio.com,Female,41.56.133.145
Buck Privates,Nadean,Medwell,nmedwelli9@nsw.gov.au,Female,139.142.109.64
Man of Aran,Almeda,Lochet,alochetia@deviantart.com,Female,29.90.18.97
Fantomas vs. Scotland Yard,Alfredo,Brass,abrassib@opensource.org,Genderfluid,210.104.82.245
Black Sea,Stanford,Caseley,scaseleyic@livejournal.com,Male,226.236.108.154
"Shape of Things to Come, The",Jo-ann,Logg,jloggid@youtube.com,Female,79.91.17.21
Home of the Brave,Donaugh,Tocknell,dtocknellie@163.com,Male,222.249.80.199
Happy Family,Tandi,Palphreyman,tpalphreymanif@forbes.com,Female,192.117.169.105
Milka - A Film About Taboos (Milka - elokuva tabuista),Klarika,Tatchell,ktatchellig@w3.org,Female,214.26.226.201
Get Bruce,Dewie,Andrey,dandreyih@netvibes.com,Male,129.248.223.22
"Human Stain, The",Pennie,Luesley,pluesleyii@harvard.edu,Male,172.36.39.165
Dominion: Prequel to the Exorcist,Ashli,Dobbs,adobbsij@homestead.com,Female,239.30.15.60
"Wisdom of Crocodiles, The (a.k.a. Immortality)",Donna,Buckbee,dbuckbeeik@posterous.com,Female,57.19.86.173
Come Drink with Me (Da zui xia),Esteban,Touzey,etouzeyil@hhs.gov,Male,177.99.227.171
Calendar,Judye,Leary,jlearyim@sciencedaily.com,Female,151.181.100.2
Zanjeer,Berti,Tretwell,btretwellin@soundcloud.com,Genderfluid,128.11.5.165
"Secrets, The (Sodot, Ha-)",Archambault,Sember,asemberio@craigslist.org,Male,208.113.113.240
Space Station 76,Ximenez,Brann,xbrannip@netlog.com,Male,247.9.96.9
The Court-Martial of Jackie Robinson,Bearnard,Milstead,bmilsteadiq@fc2.com,Male,126.46.85.88
Groundhog Day,Elton,Gooding,egoodingir@si.edu,Male,207.162.225.42
Desperate Hours,Sandor,Aspinall,saspinallis@bloglines.com,Male,201.166.148.218
Blackout,Pepito,Ciccerale,pcicceraleit@imgur.com,Male,61.70.84.235
"Wrong Move, The (Falsche Bewegung)",Jen,Regglar,jregglariu@facebook.com,Female,22.168.150.11
Inserts,Rorie,Ruegg,rrueggiv@nba.com,Female,3.133.116.101
Solitary Man,Demetri,Josefson,djosefsoniw@dot.gov,Male,90.12.244.195
Bedazzled,Claudius,Wetton,cwettonix@bloglines.com,Male,32.225.169.16
Get Carter,Pennie,Brafield,pbrafieldiy@squidoo.com,Male,182.112.140.7
"My Wife, A Body to Love",Ollie,Branchflower,obranchfloweriz@oakley.com,Female,137.125.17.116
Green Dragon,Gan,Inger,gingerj0@boston.com,Male,218.188.114.227
"Adventures of Tom Sawyer, The",Rriocard,Guilder,rguilderj1@mtv.com,Male,210.49.58.252
"Awakening, The",Basil,Ivery,biveryj2@abc.net.au,Genderfluid,65.98.187.177
Twilight of a Woman's Soul (Sumerki zhenskoi dushi),Arv,Colles,acollesj3@github.io,Male,140.222.123.92
Patch Adams,Sherill,Westwood,swestwoodj4@sciencedaily.com,Female,210.252.25.50
"Haunting in Connecticut, The",Susana,Baiss,sbaissj5@domainmarket.com,Female,224.28.70.147
Jim Jefferies: I Swear to God,Magnum,Island,mislandj6@chicagotribune.com,Male,83.92.245.57
Ladies in Lavender,Inge,Clouter,iclouterj7@psu.edu,Female,221.74.104.37
Casablanca Express,Tandie,Maria,tmariaj8@ed.gov,Female,178.119.16.100
Ripley's Game,Jeff,Jakucewicz,jjakucewiczj9@paypal.com,Male,174.27.199.224
Frenchmen (Le coeur des hommes),Porter,Gouldsmith,pgouldsmithja@hao123.com,Male,107.174.73.79
El Robobo De La Jojoya,Zacherie,Pirson,zpirsonjb@omniture.com,Male,1.90.26.239
Susan Lenox (Her Fall and Rise),Nerissa,Duly,ndulyjc@hibu.com,Female,213.25.186.2
Better Than Chocolate,Dina,MacCartney,dmaccartneyjd@reuters.com,Female,97.75.192.38
"Along the Great Divide (Travelers, The)",Cherilyn,Matovic,cmatovicje@cnet.com,Female,119.80.24.61
Against the Current,Gipsy,Greer,ggreerjf@yolasite.com,Female,228.124.230.88
Coneheads,Bartholomeus,Gutteridge,bgutteridgejg@yandex.ru,Male,53.227.165.61
Prinsessa Ruusunen,Reggy,Meeny,rmeenyjh@ox.ac.uk,Male,205.255.192.199
When Pigs Have Wings,Zonda,Kincaid,zkincaidji@netvibes.com,Female,94.13.155.108
My Darling Clementine,Sigismundo,Barensen,sbarensenjj@gizmodo.com,Male,129.1.218.140
My Bloody Valentine 3-D,Aloin,Titcom,atitcomjk@techcrunch.com,Male,109.62.54.148
Five Card Stud (a.k.a. 5 Card Stud),Farris,Normavill,fnormavilljl@cisco.com,Male,20.78.79.204
"Dark, The",Trudie,Billiard,tbilliardjm@ustream.tv,Female,136.59.116.76
An Amazing Couple,Upton,Halleday,uhalledayjn@instagram.com,Male,33.156.246.196
Max Keeble's Big Move,Alvis,Bayle,abaylejo@ezinearticles.com,Male,223.205.21.251
3 Idiots,Amalle,Petrichat,apetrichatjp@arstechnica.com,Female,163.203.176.107
"Freshman, The",Ingrim,Wedgwood,iwedgwoodjq@zimbio.com,Male,109.52.15.161
Everything Relative,Bill,Mahomet,bmahometjr@utexas.edu,Male,155.250.35.248
Green Card,Flin,Prudham,fprudhamjs@mac.com,Male,13.98.48.26
"Calling, The",Ynez,Eliff,yeliffjt@springer.com,Female,77.127.126.252
Beautiful Joe,Lanie,McLagan,lmclaganju@free.fr,Female,68.188.85.10
The Night Evelyn Came Out of the Grave,Chelsie,Petre,cpetrejv@netscape.com,Female,78.86.128.104
Young Sherlock Holmes,Rebecka,Doeg,rdoegjw@sina.com.cn,Female,88.254.14.103
"Dennis the Menace Christmas, A",Hart,McComiskie,hmccomiskiejx@stanford.edu,Male,201.237.217.138
Border Incident,Gray,Lidell,glidelljy@goo.ne.jp,Female,45.255.181.51
Wonder Boys,Corny,Kielt,ckieltjz@pinterest.com,Female,142.13.14.194
Rage of Angels,Bobbi,Grimstead,bgrimsteadk0@opera.com,Female,130.113.172.32
"Little Drummer Boy, The",Ernest,Feedham,efeedhamk1@salon.com,Male,14.138.13.6
Gladiator,Nettie,Adcocks,nadcocksk2@rakuten.co.jp,Female,252.96.47.107
Abendland,Fabio,Gabbetis,fgabbetisk3@mit.edu,Male,23.38.89.210
Mama's Boy,Maire,Fransson,mfranssonk4@ox.ac.uk,Female,31.126.60.249
"Babysitter, The",Katinka,Clampett,kclampettk5@state.gov,Female,220.224.27.151
Slumber Party Massacre II,Shea,Rayhill,srayhillk6@ucsd.edu,Female,105.9.170.165
Troma's War ,Willie,Spurrior,wspurriork7@youtu.be,Female,244.144.42.47
Strictly Ballroom,Benedicta,McElhinney,bmcelhinneyk8@google.co.jp,Female,15.34.232.248
"Incredibly Strange Creatures Who Stopped Living and Became Mixed-Up Zombies!!?, The",Demetri,McCall,dmccallk9@gizmodo.com,Male,97.123.212.153
"Dilettante, La",Odelle,De la croix,odelacroixka@desdev.cn,Female,107.144.218.55
Sunflower (Xiang ri kui),Town,Laise,tlaisekb@comsenz.com,Male,4.27.140.249
"Stockholm, Pennsylvania",Klemens,Doul,kdoulkc@state.tx.us,Agender,85.196.249.50
King of the Zombies,Kayla,Pigdon,kpigdonkd@t.co,Female,105.0.59.126
Her,Terry,Plait,tplaitke@opera.com,Female,22.101.225.152
Street Smart,Abbey,Duddell,aduddellkf@people.com.cn,Bigender,230.156.197.76
Love and Death on Long Island,Haskell,Reddoch,hreddochkg@home.pl,Male,176.219.78.70
Pekka ja Pätkä neekereinä,Willetta,Catcheside,wcatchesidekh@dion.ne.jp,Female,159.122.216.190
"Love, etc.",Abbey,Howley,ahowleyki@chicagotribune.com,Male,82.110.221.132
Man of the House,Effie,Killiner,ekillinerkj@parallels.com,Female,244.237.101.83
Diary of a Lost Girl (Tagebuch einer Verlorenen),Freeman,Hatfield,fhatfieldkk@gravatar.com,Male,242.110.105.46
Kill! (Kiru),Ewart,Lomansey,elomanseykl@blogspot.com,Male,53.39.3.233
Honor Among Lovers,Norrie,Proffitt,nproffittkm@netvibes.com,Female,200.158.115.219
"Guitar, The",Ferrel,Menpes,fmenpeskn@wunderground.com,Male,177.186.238.232
Get Crazy,Luelle,McNuff,lmcnuffko@google.com.hk,Female,55.135.81.27
Summer in February,Wendi,Abazi,wabazikp@unesco.org,Female,37.229.174.57
Gung Ho,Belia,Gabb,bgabbkq@auda.org.au,Female,154.43.156.113
Irma Vep,Edwin,Heys,eheyskr@twitter.com,Male,227.235.29.50
Town & Country,Brandea,Brookes,bbrookesks@oracle.com,Female,243.213.28.83
Barnens ö,Ulberto,Houndesome,uhoundesomekt@xinhuanet.com,Male,43.25.117.55
A Thousand Times Goodnight,Nelly,Brushfield,nbrushfieldku@fc2.com,Female,1.93.165.28
Cheap Thrills,Melisande,Postance,mpostancekv@stumbleupon.com,Female,143.58.155.117
Bethlehem,Rea,Beyne,rbeynekw@statcounter.com,Female,76.183.11.163
Guns at Batasi,Augie,Seabrocke,aseabrockekx@pen.io,Male,172.106.139.169
Rock 'n' Roll Nightmare,Velma,Tonner,vtonnerky@naver.com,Female,2.67.74.211
The Diary of a Teenage Girl,Dodie,Howselee,dhowseleekz@sakura.ne.jp,Female,74.162.156.230
"Andalusian Dog, An (Chien andalou, Un)",Angelico,Blomefield,ablomefieldl0@toplist.cz,Male,57.151.14.37
As We Were Dreaming,Sophi,Riggert,sriggertl1@earthlink.net,Genderqueer,113.240.79.154
Overnight,Annnora,Kirkby,akirkbyl2@omniture.com,Female,40.51.43.53
White Mountains (Belyie gory),Balduin,Reckhouse,breckhousel3@google.com.hk,Male,254.167.248.77
"Bride from Hades, The (Botan-dôrô) (Peony Lantern) (Tale of Peonies and Lanterns, A)",Hodge,Lindeberg,hlindebergl4@friendfeed.com,Male,53.161.234.233
Citizenfour,Harwilll,Dusting,hdustingl5@unesco.org,Male,128.128.46.4
Robin Hood: Prince of Thieves,Harvey,McKibben,hmckibbenl6@spiegel.de,Male,174.60.33.176
Here Comes Mr. Jordan,Celinda,Feenan,cfeenanl7@sciencedaily.com,Female,226.129.35.171
Being Julia,Ebenezer,Katte,ekattel8@cbslocal.com,Male,28.96.106.243
"Puppet Masters, The",Rena,Grahame,rgrahamel9@skype.com,Female,48.241.172.229
"Big Bang, The",Marion,Itzik,mitzikla@163.com,Male,224.251.55.218
"Happening, The",Diego,Iggo,diggolb@msn.com,Male,75.249.192.43
Beware of a Holy Whore (Warnung vor einer heiligen Nutte),Bobinette,Eunson,beunsonlc@nps.gov,Female,248.19.237.97
Excess Baggage,Roman,Osgar,rosgarld@hc360.com,Polygender,189.167.40.135
Samurai I: Musashi Miyamoto (Miyamoto Musashi),Merrie,Hammerman,mhammermanle@boston.com,Female,156.160.46.184
Onibaba,Carver,Haselhurst,chaselhurstlf@istockphoto.com,Male,192.69.249.51
"Fast and the Furious, The",Delcine,Carvil,dcarvillg@delicious.com,Female,61.140.185.84
Poor Little Rich Girl,Wilden,Tinline,wtinlinelh@1und1.de,Male,223.71.68.220
Vlad Tepes (Vlad &#354;epe&#351;),Barny,Gatrell,bgatrellli@yale.edu,Male,211.26.46.53
It's Kind of a Funny Story,Cori,Ickovici,cickovicilj@csmonitor.com,Male,69.68.47.51
"Preacher's Wife, The",Mata,Soigoux,msoigouxlk@aboutads.info,Male,131.62.45.17
Côte d'Azur (Crustacés et coquillages),Dede,Gibling,dgiblingll@list-manage.com,Female,78.230.61.172
Mindwalk,Gus,Elgie,gelgielm@va.gov,Male,98.219.121.203
Blackmailed,Hildagarde,Sneezem,hsneezemln@gmpg.org,Female,156.137.148.200
"Ugly, Dirty and Bad (Brutti sporchi e cattivi)",Agatha,Dowyer,adowyerlo@skype.com,Female,174.205.242.70
G.O.R.A.,Cullan,Cutts,ccuttslp@diigo.com,Male,227.82.42.24
Kiss of Death,Dani,Blitz,dblitzlq@comcast.net,Male,149.53.120.37
Armed and Dangerous,Kale,Harrie,kharrielr@state.gov,Male,54.103.21.147
Blackthorn,Madelaine,Sarll,msarllls@bloglines.com,Female,43.38.239.97
Stash House,Derry,Dorney,ddorneylt@fema.gov,Male,239.129.89.13
Hideous Kinky,Kalli,Oleksinski,koleksinskilu@wired.com,Female,60.187.156.30
"Man of My Life, The (L'homme de sa vie)",Frankie,Purvis,fpurvislv@ebay.com,Female,82.132.191.86
A Magnificent Haunting,Berne,Pieterick,bpietericklw@trellian.com,Male,202.74.98.34
Elena Undone,Genna,Boutwell,gboutwelllx@arizona.edu,Female,169.43.209.124
"Yards, The",Jodie,Rosettini,jrosettinily@nasa.gov,Female,222.159.185.216
"Bench, The (Bænken)",Arron,Pavlata,apavlatalz@jiathis.com,Male,124.108.166.150
T-Men,Romy,Brouncker,rbrounckerm0@4shared.com,Female,7.62.145.8
Asphalt Playground (La cité rose),Debor,Gaydon,dgaydonm1@tuttocitta.it,Female,135.196.192.5
Zincirbozan,Lorelle,Brownsett,lbrownsettm2@e-recht24.de,Female,115.105.32.105
Virginia's Run,Laina,Manser,lmanserm3@1688.com,Female,216.21.86.178
"Son of the Bride (Hijo de la novia, El)",Stanfield,Signorelli,ssignorellim4@51.la,Genderfluid,8.43.108.254
American Addict,Mattie,Steven,mstevenm5@livejournal.com,Male,19.101.17.246
Camera Obscura,Lief,Radloff,lradloffm6@devhub.com,Polygender,133.159.86.154
Father of the Bride Part II,Yule,Wheelton,ywheeltonm7@networksolutions.com,Male,62.149.86.207
Someone Marry Barry,Jacki,McCurdy,jmccurdym8@liveinternet.ru,Female,253.96.39.58
"Last Play at Shea, The",Lorrie,Good,lgoodm9@scribd.com,Male,98.191.164.169
How to Be a Man,Nadean,Curtayne,ncurtaynema@miibeian.gov.cn,Female,229.81.31.195
Blood of Redemption,Wittie,Balfre,wbalfremb@economist.com,Male,29.211.115.69
Blueberry,Inger,Kilshall,ikilshallmc@adobe.com,Male,37.206.171.20
Exiled (Fong juk),Micah,Maunton,mmauntonmd@aboutads.info,Male,8.0.161.96
Goddess (Devi),Collin,Judson,cjudsonme@sohu.com,Male,197.84.39.84
Flesh and the Devil,Carlos,Dyton,cdytonmf@about.me,Male,160.100.102.52
Crime Zone,Milt,Worwood,mworwoodmg@stumbleupon.com,Male,52.238.49.227
High Anxiety,Jacinta,Diemer,jdiemermh@opensource.org,Female,6.96.136.230
"Last Seven, The",Abigael,Gurery,agurerymi@yahoo.co.jp,Female,63.109.100.122
Reunion,Dale,Woodfin,dwoodfinmj@cyberchimps.com,Male,43.8.160.183
Newcastle,Graeme,Neagle,gneaglemk@noaa.gov,Male,162.122.133.69
Kingdom Come,Tam,Jendrusch,tjendruschml@theglobeandmail.com,Male,69.202.38.212
Wrinkles (Arrugas),Gloria,Rowan,growanmm@wordpress.com,Genderfluid,189.40.148.74
Sour Grapes,Welby,Antoniou,wantonioumn@netlog.com,Male,142.197.55.54
Reel Bad Arabs: How Hollywood Vilifies a People,Washington,Howbrook,whowbrookmo@addthis.com,Male,123.38.160.146
"Under the Same Moon (Misma luna, La)",Tessie,Nutbrown,tnutbrownmp@topsy.com,Female,38.186.238.182
Calendar Girls,Tabor,Jailler,tjaillermq@domainmarket.com,Bigender,25.4.87.104
Pride and Prejudice,Andria,Whittlesey,awhittleseymr@deviantart.com,Female,175.127.115.254
Delgo,Cissiee,Hugin,chuginms@cpanel.net,Polygender,39.2.162.72
"Ice Storm, The",Blanch,Ashfield,bashfieldmt@techcrunch.com,Female,70.76.229.67
Indecent Proposal,Tadeo,Noble,tnoblemu@comcast.net,Male,64.75.158.125
"Cotton Club, The",Victoir,Wortman,vwortmanmv@sourceforge.net,Male,194.39.0.155
Suburban Commando,Cornie,Pockett,cpockettmw@multiply.com,Female,220.229.253.172
Contact,Antons,Annes,aannesmx@spiegel.de,Male,73.151.5.143
Kummelin jackpot,Jo-ann,Dunkley,jdunkleymy@creativecommons.org,Female,168.203.220.239
Blood and Concrete (Blood & Concrete: A Love Story),Jackqueline,Fayerbrother,jfayerbrothermz@netscape.com,Agender,254.93.237.42
Varsity Blues,Georges,Najera,gnajeran0@who.int,Male,200.208.229.235
V/H/S,Davida,Ellam,dellamn1@constantcontact.com,Female,156.90.89.6
"Defender, The (a.k.a. Bodyguard from Beijing, The) (Zhong Nan Hai bao biao)",Armand,Rawle,arawlen2@yahoo.com,Male,94.127.246.187
Courageous,Seline,O'Rafferty,soraffertyn3@businessinsider.com,Female,39.207.179.54
Images,Ki,Samples,ksamplesn4@multiply.com,Female,66.64.209.181
A.C.O.D.,Deb,Grestye,dgrestyen5@dot.gov,Female,9.153.29.131
"Bad and the Beautiful, The",Tymon,Hamly,thamlyn6@columbia.edu,Male,58.46.168.236
Soft Shell Man (Un crabe dans la tête),Wilone,Lobe,wloben7@webmd.com,Female,79.108.0.112
Time Without Pity,Jaquith,Sibbe,jsibben8@archive.org,Female,36.132.89.146
Resurrecting the Champ,Rayna,Bungey,rbungeyn9@salon.com,Female,119.162.206.78
The Six Million Dollar Man,Aidan,Cund,acundna@istockphoto.com,Female,2.75.185.180
"Long Good Friday, The",Binni,Noddle,bnoddlenb@telegraph.co.uk,Non-binary,140.4.38.25
Andrei Rublev (Andrey Rublyov),Hephzibah,McCauley,hmccauleync@hhs.gov,Female,43.95.92.210
"Snow Creature, The",Jermain,Gubbins,jgubbinsnd@scientificamerican.com,Male,0.181.116.237
Zatoichi Meets Yojimbo (Zatôichi to Yôjinbô) (Zatôichi 20),Sheppard,Hearmon,shearmonne@example.com,Male,199.93.198.29
Sea Fog,Juan,Speedin,jspeedinnf@wunderground.com,Male,9.115.121.249
Death of a Dynasty,Marlene,Ratt,mrattng@bluehost.com,Non-binary,96.169.174.162
Dinotopia,Myrtle,Drever,mdrevernh@paypal.com,Female,72.91.27.57
"Double Life, A",Breena,Emmins,bemminsni@wikipedia.org,Female,196.144.141.236
The Identical,Sander,Joret,sjoretnj@wufoo.com,Male,47.157.244.152
Go,Iseabal,Quartermaine,iquartermainenk@usatoday.com,Female,214.124.115.11
"Bitch, The (La chienne)",Devin,Chupin,dchupinnl@army.mil,Male,95.158.58.113
Surfwise,David,Birtley,dbirtleynm@loc.gov,Male,118.13.33.220
Hatari!,Bernie,Awin,bawinnn@google.co.uk,Male,62.76.215.217
Advertising and the End of the World,Tuckie,Kiezler,tkiezlerno@freewebs.com,Male,41.36.144.66
Guts (Agallas),Millard,Patterfield,mpatterfieldnp@xing.com,Male,85.30.40.213
"Lady in Number 6: Music Saved My Life, The",Alta,Meader,ameadernq@hp.com,Female,110.141.88.127
It Happens Every Spring,Cesar,McAviy,cmcaviynr@chicagotribune.com,Male,37.240.37.93
Kickboxer,Joachim,Thurbon,jthurbonns@google.de,Male,20.12.87.250
Ladybug Ladybug ,Elena,Pinkett,epinkettnt@nifty.com,Female,201.191.60.207
Tyler Perry's Madea's Witness Protection,Dani,MacCaig,dmaccaignu@tumblr.com,Female,111.188.220.220
Monsieur Verdoux,Judie,Nelthrop,jnelthropnv@reuters.com,Female,75.61.246.71
It's a Bird,Harbert,Rudeforth,hrudeforthnw@bravesites.com,Male,76.34.181.132
Oliver Twist,Pincas,Arnault,parnaultnx@biglobe.ne.jp,Male,173.47.11.218
Life of Pi,Bendite,Brantzen,bbrantzenny@ucoz.ru,Female,64.102.186.252
The Count of Monte Cristo,Peyter,Hatton,phattonnz@arizona.edu,Male,7.204.166.79
Color of Night,Pepita,Faireclough,pfaireclougho0@comsenz.com,Female,155.235.245.203
Stromberg - Der Film,Herrick,Snalham,hsnalhamo1@merriam-webster.com,Male,231.48.221.37
"Jeffrey Dahmer Files, The",West,Passby,wpassbyo2@sciencedirect.com,Non-binary,110.254.162.136
Finding Joy,Chic,Blesli,cbleslio3@edublogs.org,Male,77.73.43.166
"Devil's Rain, The",Steffie,Rubinsztein,srubinszteino4@simplemachines.org,Female,168.9.0.33
She Wore a Yellow Ribbon,Kathryne,Hefferan,khefferano5@odnoklassniki.ru,Female,223.231.88.1
Gone Girl,Fanechka,Rentoll,frentollo6@reuters.com,Female,5.9.162.204
"Banger Sisters, The",Moore,Wenger,mwengero7@istockphoto.com,Male,199.78.132.25
Blind Shaft (Mang jing),Wat,Kitchenman,wkitchenmano8@yellowpages.com,Male,126.170.46.153
Where a Good Man Goes (Joi gin a long),Towney,Hansie,thansieo9@tripod.com,Male,201.241.115.203
"Pirates! Band of Misfits, The",Devlen,Halwood,dhalwoodoa@wiley.com,Male,37.90.214.104
Machete Kills (Machete 2),Latrena,Cancott,lcancottob@ehow.com,Female,24.191.139.169
"Big Empty, The",Willi,Patchett,wpatchettoc@studiopress.com,Female,90.72.16.146
Shine,Jenda,Allsobrook,jallsobrookod@yale.edu,Non-binary,98.141.32.200
Once,Ludwig,Shulver,lshulveroe@flickr.com,Genderqueer,40.52.54.10
Late Bloomers,Giovanna,Danihelka,gdanihelkaof@cnbc.com,Female,249.34.235.100
Day Night Day Night,Ferdinande,Gamell,fgamellog@cdc.gov,Female,252.43.155.55
Tai Chi Zero,Billie,Climo,bclimooh@bizjournals.com,Polygender,35.152.84.68
Altiplano,Dominic,Janko,djankooi@constantcontact.com,Bigender,189.115.126.18
Man to Man,Kelila,Clyde,kclydeoj@ezinearticles.com,Female,103.170.140.5
Appleseed Alpha,Marv,Comerford,mcomerfordok@51.la,Male,109.145.152.0
Charlie Chan in London,Ollie,Oakes,ooakesol@ask.com,Female,52.101.123.50
"Valet, The (La doublure)",Thalia,Harborow,tharborowom@abc.net.au,Female,170.36.161.90
Ro.Go.Pa.G.,Holden,Gerran,hgerranon@opensource.org,Male,222.199.179.206
Flame and Women (Honô to onna) ,Anson,Dawbury,adawburyoo@cisco.com,Male,193.211.218.43
"Hatful of Rain, A",Jessy,Spur,jspurop@weebly.com,Female,160.89.33.197
Cruel Intentions 3,Irvine,Fendt,ifendtoq@google.com.hk,Male,77.48.199.103
"Prowler, The (a.k.a. Rosemary's Killer) (a.k.a. The Graduation)",Tyson,Guihen,tguihenor@discuz.net,Male,225.209.57.166
Bread and Tulips (Pane e tulipani),Kinna,Dunster,kdunsteros@php.net,Female,31.130.50.6
Cannery Row,Pebrook,Dowsey,pdowseyot@miibeian.gov.cn,Male,124.156.19.238
Gypsy,Lammond,Camus,lcamusou@toplist.cz,Male,20.99.135.171
Behind the Candelabra,Josephine,Birdsey,jbirdseyov@webmd.com,Female,182.252.37.93
"Age of Ignorance, The (a.k.a. Days of Darkness) (L'âge des ténèbres)",Davie,McGerr,dmcgerrow@deviantart.com,Male,151.155.182.15
Four Minutes (Vier Minuten),Ursulina,Bladder,ubladderox@disqus.com,Female,151.52.64.126
Voyeur (Abel),Carver,Lillgard,clillgardoy@dmoz.org,Male,95.91.33.124
State of Siege (État de siège),Jeffrey,Kidd,jkiddoz@npr.org,Male,127.105.143.201
Arcade,Staci,Calbaithe,scalbaithep0@berkeley.edu,Female,205.47.98.209
"Billy Two Hats (Lady and the Outlaw, The)",Stanley,Burchess,sburchessp1@storify.com,Male,7.128.105.106
Kogel mogel,Shoshanna,Viall,sviallp2@imdb.com,Female,136.155.203.114
"Rising Place, The",Berta,Antonias,bantoniasp3@apple.com,Female,197.61.253.37
The Wind in the Willows,Darius,Shorto,dshortop4@symantec.com,Male,63.34.57.54
11.6,Ambrose,Stirland,astirlandp5@walmart.com,Male,117.14.190.171
Unfinished Sky,Janka,Cahalan,jcahalanp6@sciencedirect.com,Female,237.202.90.229
Hellion,Bonnee,Seeborne,bseebornep7@guardian.co.uk,Female,145.210.215.146
Smile,Darcy,Withey,dwitheyp8@auda.org.au,Male,174.247.150.111
"Atomic Submarine, The",Ari,Tomczak,atomczakp9@ihg.com,Male,244.208.179.128
"Neon Genesis Evangelion: The End of Evangelion (Shin seiki Evangelion Gekijô-ban: Air/Magokoro wo, kimi ni)",Clari,Verrillo,cverrillopa@guardian.co.uk,Female,39.252.45.186
Chosin ,Nadeen,Eckersall,neckersallpb@prnewswire.com,Female,216.72.70.63
"Lifeguard, The",Inness,Tasker,itaskerpc@people.com.cn,Male,243.96.11.255
Brighton Rock,Larissa,Maccree,lmaccreepd@whitehouse.gov,Female,7.20.3.205
Riviera,Bard,Cabrales,bcabralespe@dyndns.org,Agender,81.247.72.4
Scorned,Reagen,Reston,rrestonpf@wsj.com,Male,189.127.145.239
Hugo Pool,Barnaby,Harbertson,bharbertsonpg@fastcompany.com,Male,53.126.164.74
Soldier of Fortune,Konstantin,Harris,kharrisph@mapy.cz,Male,166.208.124.134
"Interrupters, The",Justinn,Kleimt,jkleimtpi@barnesandnoble.com,Female,15.66.79.142
Rosewood Lane,Ashien,Selbach,aselbachpj@deliciousdays.com,Female,103.106.252.53
Pepe,Nesta,Sumption,nsumptionpk@creativecommons.org,Female,22.140.211.2
Pleasure at Her Majesty's,Deerdre,Mounsey,dmounseypl@biblegateway.com,Female,187.180.177.105
"Lord, Save Us from Your Followers",Christian,O'Conor,coconorpm@51.la,Non-binary,176.8.106.142
Grace,Vivyan,Patise,vpatisepn@phoca.cz,Female,210.6.115.193
Day of the Dead,Dolf,Feild,dfeildpo@theglobeandmail.com,Male,122.8.84.182
HE Who Gets Slapped,Misha,Matasov,mmatasovpp@myspace.com,Female,249.152.54.161
Three O'Clock High,Fawnia,Farrear,ffarrearpq@flickr.com,Female,113.221.168.128
24: Redemption,Joby,Colby,jcolbypr@xrea.com,Female,253.140.109.167
"Bitter Tears of Petra von Kant, The (bitteren Tränen der Petra von Kant, Die)",Boigie,McWaters,bmcwatersps@cdbaby.com,Male,171.205.178.56
Mon Oncle Antoine,Katharina,Bullman,kbullmanpt@moonfruit.com,Female,105.159.1.125
Coast of Death,Harlene,Mellor,hmellorpu@skyrock.com,Female,107.253.158.189
Memento Mori (Yeogo goedam II),Netty,Kleszinski,nkleszinskipv@cloudflare.com,Female,233.191.6.224
"Fast, Cheap & Out of Control",Field,Dow,fdowpw@unblog.fr,Male,50.43.34.33
"My Son, My Son, What Have Ye Done",Rina,Brockett,rbrockettpx@bbc.co.uk,Female,127.234.2.170
Kings of the Road (Im Lauf der Zeit),Adams,Pidon,apidonpy@purevolume.com,Male,180.129.61.61
Earth Days,Pail,Maudson,pmaudsonpz@independent.co.uk,Male,63.110.4.171
"Girl from the Naked Eye, The",Barbey,Ivanitsa,bivanitsaq0@godaddy.com,Female,120.204.119.27
When a Stranger Calls,Yorke,Shillabear,yshillabearq1@bing.com,Male,54.116.173.20
Whistling in Brooklyn,Leoine,Kesten,lkestenq2@themeforest.net,Female,50.83.221.204
National Lampoon's Cattle Call (Cattle Call),Johnathon,Marjoribanks,jmarjoribanksq3@house.gov,Male,249.241.200.198
Casting By,Anni,Dering,aderingq4@imgur.com,Female,81.20.66.100
Carol Channing: Larger Than Life,Constance,Dunbobbin,cdunbobbinq5@techcrunch.com,Female,66.10.184.62
Apache Country,Carrie,Godmar,cgodmarq6@de.vu,Female,185.73.91.25
Barnyard: The Original Party Animals,Clay,Kilfeather,ckilfeatherq7@va.gov,Male,46.65.137.209
7th Floor,Nanine,Folkerd,nfolkerdq8@aboutads.info,Female,196.32.0.87
Dragon Seed,Cori,Bonnavant,cbonnavantq9@ifeng.com,Non-binary,234.117.48.220
Chase a Crooked Shadow,Skippy,Couchman,scouchmanqa@nasa.gov,Male,57.164.71.109
"Big House, The",Trumaine,Lampbrecht,tlampbrechtqb@nba.com,Male,31.119.254.145
Crossroads,Carlen,Pickthorne,cpickthorneqc@canalblog.com,Female,87.157.96.67
Goyokin,Alexandra,Kilbane,akilbaneqd@sakura.ne.jp,Female,151.78.159.240
Beyond the Lights,Jean,Grissett,jgrissettqe@nydailynews.com,Male,164.157.116.236
"Chump at Oxford, A",Prentiss,Bows,pbowsqf@123-reg.co.uk,Male,103.18.75.134
Tusk,Fancy,Topling,ftoplingqg@chronoengine.com,Female,128.52.119.118
"Ideal Husband, An",Lora,Fransman,lfransmanqh@shop-pro.jp,Female,209.49.190.87
Polish Wedding,Rog,Soppit,rsoppitqi@mapquest.com,Male,189.12.171.10
V,Malanie,Charrier,mcharrierqj@npr.org,Female,158.143.113.159
Rosvo Roope,Arleyne,Gallard,agallardqk@angelfire.com,Female,190.3.96.222
Shrek 2,Ferrel,Harefoot,fharefootql@tamu.edu,Male,60.117.35.46
"Autumn Heart, The",Anson,Betts,abettsqm@marriott.com,Polygender,58.154.2.184
I Want to Look Like That Guy,Garrard,McCloch,gmcclochqn@paypal.com,Male,121.189.181.166
Dave,Bradley,Shurmer,bshurmerqo@twitter.com,Male,89.228.188.208
Alpha Dog,Christoforo,Edgecumbe,cedgecumbeqp@omniture.com,Male,62.142.126.101
Sabata,Kaila,Garvagh,kgarvaghqq@state.gov,Female,24.123.92.254
Lovely Molly,Algernon,MacGettigen,amacgettigenqr@mail.ru,Agender,133.118.195.146
Glenn Killing på Berns,Helyn,Hanratty,hhanrattyqs@mozilla.org,Female,87.137.121.215
King Solomon's Mines,Serene,Tewkesberrie,stewkesberrieqt@jalbum.net,Female,51.1.234.158
"Turtle's Tale 2: Sammy's Escape from Paradise, A (Sammy's avonturen 2) (Sammy's Adventures 2)",Galina,Waszczyk,gwaszczykqu@nih.gov,Female,124.200.104.47
Titanic,Irving,Vise,iviseqv@washington.edu,Polygender,172.28.66.205
Ruhr,Fanya,Jikylls,fjikyllsqw@booking.com,Female,152.60.223.40
"Mad Miss Manton, The",Hinze,Warin,hwarinqx@networksolutions.com,Male,94.71.2.122
Beau Brummell: This Charming Man,Linoel,Docwra,ldocwraqy@theguardian.com,Male,6.138.51.252
"Postman, The (Postino, Il)",Margit,McCluskey,mmccluskeyqz@reference.com,Female,34.67.70.195
Only God Forgives,Gaynor,Trotman,gtrotmanr0@marriott.com,Female,95.132.69.168
Providence,Tremaine,Penddreth,tpenddrethr1@soup.io,Male,42.31.181.104
"Secret, The",Dora,Ivanitsa,divanitsar2@nbcnews.com,Female,245.93.142.192
State of the Union,Aubrey,Malkin,amalkinr3@nydailynews.com,Female,160.81.80.9
Magnum Force,Hamilton,Leatt,hleattr4@sakura.ne.jp,Male,71.29.246.160
Tears of the Sun,Dorry,Veare,dvearer5@ucoz.ru,Female,107.165.122.14
"Bullet for Joey, A",Dud,Mott,dmottr6@irs.gov,Male,197.98.142.230
Wrong,Paddy,Kerins,pkerinsr7@sina.com.cn,Male,59.71.125.29
All Things Fair (Lust och fägring stor),Derward,Willows,dwillowsr8@tripod.com,Male,16.23.214.6
My Friend Irma Goes West,Stewart,Scholer,sscholerr9@hubpages.com,Male,131.149.11.40
"Eclisse, L' (Eclipse)",Millisent,Lyttle,mlyttlera@163.com,Female,245.205.216.3
I Remember Mama,Zebulen,Gilyott,zgilyottrb@oaic.gov.au,Male,105.60.171.238
"Marsh, The",Minor,Lamburn,mlamburnrc@apple.com,Male,208.132.34.127
Dream Lover,Far,Doelle,fdoellerd@a8.net,Male,149.48.179.156
"King's Speech, The",Osbert,Garner,ogarnerre@clickbank.net,Male,102.225.67.152
Fast Lane,Farleigh,Legerwood,flegerwoodrf@shareasale.com,Male,65.230.100.58
Don't Look Now: We're Being Shot At (La grande vadrouille),Courtnay,Beagen,cbeagenrg@addtoany.com,Female,203.115.238.183
I Think I Love My Wife,Catie,Hartzogs,chartzogsrh@netscape.com,Female,5.240.26.224
Blackbird,Enrichetta,Sturch,esturchri@lycos.com,Female,77.172.230.218
Can't Hardly Wait,Savina,Boydon,sboydonrj@posterous.com,Female,148.92.144.198
"Crowd Roars, The",Wendall,McAuslan,wmcauslanrk@pcworld.com,Male,176.29.72.125
Miss Nobody,Inglebert,Lucken,iluckenrl@networksolutions.com,Male,147.171.193.20
Terror on a Train (Time Bomb),Elora,Martignon,emartignonrm@mit.edu,Female,45.246.43.248
Cutie Honey,Bernelle,Askaw,baskawrn@over-blog.com,Female,21.142.251.186
"White Darkness, The",Lorene,Shervil,lshervilro@zdnet.com,Female,20.202.32.236
Don't Torture a Duckling (Non si sevizia un paperino),Sonny,Bourdel,sbourdelrp@i2i.jp,Female,197.99.154.136
Summer and Smoke,Rriocard,Pinkerton,rpinkertonrq@vimeo.com,Male,145.195.223.184
"41-Year-Old Virgin Who Knocked Up Sarah Marshall and Felt Superbad About It, The",Barton,Cooling,bcoolingrr@virginia.edu,Male,162.6.211.115
